TIME,V
2024/11/1 0:00,6.139328
2024/11/1 0:15,6.798851
2024/11/1 0:30,7.308925
2024/11/1 0:45,7.875375
2024/11/1 1:00,8.30996
2024/11/1 1:15,8.503461
2024/11/1 1:30,8.514583
2024/11/1 1:45,8.3369
2024/11/1 2:00,7.86064
2024/11/1 2:15,7.504964
2024/11/1 2:30,6.99116
2024/11/1 2:45,6.102811
2024/11/1 3:00,5.430618
2024/11/1 3:15,4.704825
2024/11/1 3:30,4.047612
2024/11/1 3:45,3.469171
2024/11/1 4:00,2.71465
2024/11/1 4:15,2.380105
2024/11/1 4:30,2.008797
2024/11/1 4:45,1.762567
2024/11/1 5:00,1.680871
2024/11/1 5:15,1.623447
2024/11/1 5:30,1.679156
2024/11/1 5:45,1.756354
2024/11/1 6:00,2.001024
2024/11/1 6:15,2.214022
2024/11/1 6:30,2.480392
2024/11/1 6:45,2.671438
2024/11/1 7:00,3.110396
2024/11/1 7:15,3.478283
2024/11/1 7:30,3.793435
2024/11/1 7:45,4.201961
2024/11/1 8:00,4.547691
2024/11/1 8:15,4.801297
2024/11/1 8:30,5.241717
2024/11/1 8:45,5.584031
2024/11/1 9:00,5.718497
2024/11/1 9:15,5.778453
2024/11/1 9:30,5.781651
2024/11/1 9:45,5.71822
2024/11/1 10:00,5.664274
2024/11/1 10:15,5.415788
2024/11/1 10:30,5.139614
2024/11/1 10:45,4.779573
2024/11/1 11:00,4.348718
2024/11/1 11:15,4.140565
2024/11/1 11:30,3.926085
2024/11/1 11:45,3.687825
2024/11/1 12:00,3.215985
2024/11/1 12:15,2.903102
2024/11/1 12:30,2.685934
2024/11/1 12:45,2.45205
2024/11/1 13:00,2.284877
2024/11/1 13:15,2.127641
2024/11/1 13:30,2.083667
2024/11/1 13:45,2.034303
2024/11/1 14:00,2.03939
2024/11/1 14:15,2.171855
2024/11/1 14:30,2.269075
2024/11/1 14:45,2.468589
2024/11/1 15:00,2.678355
2024/11/1 15:15,2.873455
2024/11/1 15:30,3.140568
2024/11/1 15:45,3.556563
2024/11/1 16:00,3.907755
2024/11/1 16:15,4.308323
2024/11/1 16:30,4.804035
2024/11/1 16:45,5.154936
2024/11/1 17:00,5.556696
2024/11/1 17:15,5.914026
2024/11/1 17:30,6.219289
2024/11/1 17:45,6.465265
2024/11/1 18:00,6.766823
2024/11/1 18:15,6.978343
2024/11/1 18:30,7.183041
2024/11/1 18:45,7.255564
2024/11/1 19:00,7.251542
2024/11/1 19:15,7.22929
2024/11/1 19:30,7.192678
2024/11/1 19:45,7.008388
2024/11/1 20:00,6.612348
2024/11/1 20:15,6.448929
2024/11/1 20:30,6.022605
2024/11/1 20:45,5.798905
2024/11/1 21:00,5.664962
2024/11/1 21:15,5.198708
2024/11/1 21:30,4.867028
2024/11/1 21:45,4.560116
2024/11/1 22:00,4.387451
2024/11/1 22:15,4.276152
2024/11/1 22:30,4.26599
2024/11/1 22:45,4.310006
2024/11/1 23:00,4.37365
2024/11/1 23:15,4.824578
2024/11/1 23:30,5.197397
2024/11/1 23:45,5.570628
2024/11/2 0:00,5.740356
2024/11/2 0:15,5.942491
2024/11/2 0:30,6.324123
2024/11/2 0:45,6.642957
2024/11/2 1:00,6.836197
2024/11/2 1:15,7.08406
2024/11/2 1:30,7.240401
2024/11/2 1:45,7.3025
2024/11/2 2:00,7.288281
2024/11/2 2:15,7.241892
2024/11/2 2:30,6.99892
2024/11/2 2:45,7.00171
2024/11/2 3:00,6.45361
2024/11/2 3:15,6.256759
2024/11/2 3:30,5.804946
2024/11/2 3:45,5.366522
2024/11/2 4:00,5.11977
2024/11/2 4:15,4.381573
2024/11/2 4:30,4.055118
2024/11/2 4:45,3.668725
2024/11/2 5:00,3.469296
2024/11/2 5:15,3.120977
2024/11/2 5:30,2.688498
2024/11/2 5:45,2.720433
2024/11/2 6:00,2.522903
2024/11/2 6:15,2.344916
2024/11/2 6:30,2.341982
2024/11/2 6:45,2.308869
2024/11/2 7:00,2.422975
2024/11/2 7:15,2.502596
2024/11/2 7:30,2.614228
2024/11/2 7:45,2.656059
2024/11/2 8:00,2.731182
2024/11/2 8:15,3.047544
2024/11/2 8:30,3.078994
2024/11/2 8:45,3.452593
2024/11/2 9:00,3.552586
2024/11/2 9:15,3.849702
2024/11/2 9:30,4.207663
2024/11/2 9:45,4.575764
2024/11/2 10:00,4.941655
2024/11/2 10:15,5.278636
2024/11/2 10:30,5.306048
2024/11/2 10:45,5.640525
2024/11/2 11:00,6.075104
2024/11/2 11:15,6.283232
2024/11/2 11:30,6.506677
2024/11/2 11:45,6.820222
2024/11/2 12:00,7.1258
2024/11/2 12:15,7.295425
2024/11/2 12:30,7.583583
2024/11/2 12:45,7.804
2024/11/2 13:00,7.855292
2024/11/2 13:15,8.052662
2024/11/2 13:30,8.135276
2024/11/2 13:45,8.157055
2024/11/2 14:00,8.164509
2024/11/2 14:15,8.15082
2024/11/2 14:30,8.217353
2024/11/2 14:45,8.209272
2024/11/2 15:00,8.104788
2024/11/2 15:15,8.086732
2024/11/2 15:30,8.037776
2024/11/2 15:45,7.964322
2024/11/2 16:00,7.944082
2024/11/2 16:15,7.87475
2024/11/2 16:30,7.920232
2024/11/2 16:45,7.844208
2024/11/2 17:00,7.818597
2024/11/2 17:15,7.873961
2024/11/2 17:30,7.889978
2024/11/2 17:45,8.028616
2024/11/2 18:00,8.210264
2024/11/2 18:15,8.348981
2024/11/2 18:30,8.388747
2024/11/2 18:45,8.591808
2024/11/2 19:00,8.531676
2024/11/2 19:15,8.526268
2024/11/2 19:30,8.545666
2024/11/2 19:45,8.491162
2024/11/2 20:00,8.372005
2024/11/2 20:15,8.152336
2024/11/2 20:30,7.966175
2024/11/2 20:45,7.742078
2024/11/2 21:00,7.348736
2024/11/2 21:15,6.805804
2024/11/2 21:30,6.077027
2024/11/2 21:45,6.062533
2024/11/2 22:00,5.678949
2024/11/2 22:15,5.480525
2024/11/2 22:30,5.193863
2024/11/2 22:45,5.130653
2024/11/2 23:00,5.067962
2024/11/2 23:15,5.124069
2024/11/2 23:30,5.294436
2024/11/2 23:45,5.553035
2024/11/3 0:00,5.673544
2024/11/3 0:15,5.818419
2024/11/3 0:30,6.166206
2024/11/3 0:45,6.631412
2024/11/3 1:00,6.887373
2024/11/3 1:15,6.957252
2024/11/3 1:30,7.205526
2024/11/3 1:45,7.175349
2024/11/3 2:00,7.238415
2024/11/3 2:15,7.206108
2024/11/3 2:30,6.941313
2024/11/3 2:45,6.926012
2024/11/3 3:00,6.602447
2024/11/3 3:15,6.253567
2024/11/3 3:30,5.709171
2024/11/3 3:45,5.331724
2024/11/3 4:00,5.037888
2024/11/3 4:15,4.393155
2024/11/3 4:30,4.047326
2024/11/3 4:45,3.758106
2024/11/3 5:00,3.299151
2024/11/3 5:15,3.091949
2024/11/3 5:30,2.711274
2024/11/3 5:45,2.587915
2024/11/3 6:00,2.476502
2024/11/3 6:15,2.393755
2024/11/3 6:30,2.337779
2024/11/3 6:45,2.341149
2024/11/3 7:00,2.355853
2024/11/3 7:15,2.43834
2024/11/3 7:30,2.641545
2024/11/3 7:45,2.66936
2024/11/3 8:00,2.930421
2024/11/3 8:15,3.088658
2024/11/3 8:30,3.170321
2024/11/3 8:45,3.282136
2024/11/3 9:00,3.56132
2024/11/3 9:15,3.850011
2024/11/3 9:30,4.22658
2024/11/3 9:45,4.549625
2024/11/3 10:00,4.790356
2024/11/3 10:15,5.102234
2024/11/3 10:30,5.368098
2024/11/3 10:45,5.732701
2024/11/3 11:00,6.031859
2024/11/3 11:15,6.207144
2024/11/3 11:30,6.50405
2024/11/3 11:45,6.85181
2024/11/3 12:00,7.050612
2024/11/3 12:15,7.339165
2024/11/3 12:30,7.485176
2024/11/3 12:45,7.718519
2024/11/3 13:00,8.012698
2024/11/3 13:15,8.125588
2024/11/3 13:30,8.279213
2024/11/3 13:45,8.253936
2024/11/3 14:00,8.26334
2024/11/3 14:15,8.208105
2024/11/3 14:30,8.166188
2024/11/3 14:45,8.19697
2024/11/3 15:00,8.158122
2024/11/3 15:15,8.125065
2024/11/3 15:30,8.074519
2024/11/3 15:45,7.901022
2024/11/3 16:00,7.856408
2024/11/3 16:15,7.904151
2024/11/3 16:30,7.81951
2024/11/3 16:45,7.858821
2024/11/3 17:00,7.870796
2024/11/3 17:15,7.900694
2024/11/3 17:30,7.963606
2024/11/3 17:45,8.046298
2024/11/3 18:00,8.140905
2024/11/3 18:15,8.240984
2024/11/3 18:30,8.408002
2024/11/3 18:45,8.42925
2024/11/3 19:00,8.581909
2024/11/3 19:15,8.524374
2024/11/3 19:30,8.550636
2024/11/3 19:45,8.486588
2024/11/3 20:00,8.259929
2024/11/3 20:15,8.101325
2024/11/3 20:30,7.85401
2024/11/3 20:45,7.576911
2024/11/3 21:00,7.22163
2024/11/3 21:15,6.821455
2024/11/3 21:30,6.373574
2024/11/3 21:45,6.005287
2024/11/3 22:00,5.805119
2024/11/3 22:15,5.554728
2024/11/3 22:30,5.321375
2024/11/3 22:45,5.181575
2024/11/3 23:00,5.185791
2024/11/3 23:15,5.246481
2024/11/3 23:30,5.260725
2024/11/3 23:45,5.514817
2024/11/4 0:00,6.076049
2024/11/4 0:15,6.64007
2024/11/4 0:30,7.24554
2024/11/4 0:45,7.916166
2024/11/4 1:00,8.253693
2024/11/4 1:15,8.504172
2024/11/4 1:30,8.539759
2024/11/4 1:45,8.427922
2024/11/4 2:00,7.980144
2024/11/4 2:15,7.426859
2024/11/4 2:30,6.90216
2024/11/4 2:45,6.29423
2024/11/4 3:00,5.535441
2024/11/4 3:15,4.685888
2024/11/4 3:30,3.845798
2024/11/4 3:45,3.443395
2024/11/4 4:00,2.859506
2024/11/4 4:15,2.548919
2024/11/4 4:30,2.110508
2024/11/4 4:45,1.822357
2024/11/4 5:00,1.690906
2024/11/4 5:15,1.692901
2024/11/4 5:30,1.719475
2024/11/4 5:45,1.761294
2024/11/4 6:00,1.92961
2024/11/4 6:15,2.178315
2024/11/4 6:30,2.373809
2024/11/4 6:45,2.67876
2024/11/4 7:00,3.054308
2024/11/4 7:15,3.442776
2024/11/4 7:30,3.854317
2024/11/4 7:45,4.152706
2024/11/4 8:00,4.535909
2024/11/4 8:15,4.946867
2024/11/4 8:30,4.967735
2024/11/4 8:45,5.351249
2024/11/4 9:00,5.601829
2024/11/4 9:15,5.753488
2024/11/4 9:30,5.763944
2024/11/4 9:45,5.765114
2024/11/4 10:00,5.657938
2024/11/4 10:15,5.401979
2024/11/4 10:30,5.258645
2024/11/4 10:45,4.945672
2024/11/4 11:00,4.635997
2024/11/4 11:15,4.108485
2024/11/4 11:30,3.855368
2024/11/4 11:45,3.317909
2024/11/4 12:00,3.106551
2024/11/4 12:15,2.874375
2024/11/4 12:30,2.721119
2024/11/4 12:45,2.394711
2024/11/4 13:00,2.273535
2024/11/4 13:15,2.197976
2024/11/4 13:30,2.062368
2024/11/4 13:45,2.035636
2024/11/4 14:00,2.049057
2024/11/4 14:15,2.118877
2024/11/4 14:30,2.23803
2024/11/4 14:45,2.529074
2024/11/4 15:00,2.889642
2024/11/4 15:15,2.904659
2024/11/4 15:30,3.184542
2024/11/4 15:45,3.535178
2024/11/4 16:00,3.87043
2024/11/4 16:15,4.501224
2024/11/4 16:30,4.701825
2024/11/4 16:45,5.051805
2024/11/4 17:00,5.615144
2024/11/4 17:15,6.01662
2024/11/4 17:30,6.368852
2024/11/4 17:45,6.514192
2024/11/4 18:00,6.764038
2024/11/4 18:15,6.928974
2024/11/4 18:30,7.173405
2024/11/4 18:45,7.332984
2024/11/4 19:00,7.279999
2024/11/4 19:15,7.264729
2024/11/4 19:30,7.199364
2024/11/4 19:45,6.921856
2024/11/4 20:00,6.765581
2024/11/4 20:15,6.667334
2024/11/4 20:30,6.243146
2024/11/4 20:45,5.909139
2024/11/4 21:00,5.472268
2024/11/4 21:15,5.184292
2024/11/4 21:30,4.843614
2024/11/4 21:45,4.573736
2024/11/4 22:00,4.528169
2024/11/4 22:15,4.362412
2024/11/4 22:30,4.200058
2024/11/4 22:45,4.283842
2024/11/4 23:00,4.486671
2024/11/4 23:15,4.623769
2024/11/4 23:30,5.038996
2024/11/4 23:45,5.633629
2024/11/5 0:00,6.180442
2024/11/5 0:15,6.807258
2024/11/5 0:30,7.284796
2024/11/5 0:45,7.915757
2024/11/5 1:00,8.205649
2024/11/5 1:15,8.517517
2024/11/5 1:30,8.52944
2024/11/5 1:45,8.292064
2024/11/5 2:00,8.058543
2024/11/5 2:15,7.49618
2024/11/5 2:30,7.09577
2024/11/5 2:45,6.144596
2024/11/5 3:00,5.398978
2024/11/5 3:15,4.705049
2024/11/5 3:30,3.912222
2024/11/5 3:45,3.289201
2024/11/5 4:00,2.823517
2024/11/5 4:15,2.371964
2024/11/5 4:30,1.991762
2024/11/5 4:45,1.783143
2024/11/5 5:00,1.703002
2024/11/5 5:15,1.645669
2024/11/5 5:30,1.723656
2024/11/5 5:45,1.793077
2024/11/5 6:00,1.970502
2024/11/5 6:15,2.169961
2024/11/5 6:30,2.351039
2024/11/5 6:45,2.664435
2024/11/5 7:00,3.027782
2024/11/5 7:15,3.43392
2024/11/5 7:30,3.655564
2024/11/5 7:45,4.092222
2024/11/5 8:00,4.489987
2024/11/5 8:15,4.855087
2024/11/5 8:30,5.138035
2024/11/5 8:45,5.376734
2024/11/5 9:00,5.564104
2024/11/5 9:15,5.702158
2024/11/5 9:30,5.803139
2024/11/5 9:45,5.774789
2024/11/5 10:00,5.716143
2024/11/5 10:15,5.492864
2024/11/5 10:30,5.277396
2024/11/5 10:45,4.854648
2024/11/5 11:00,4.640601
2024/11/5 11:15,4.235717
2024/11/5 11:30,3.780014
2024/11/5 11:45,3.538179
2024/11/5 12:00,3.243848
2024/11/5 12:15,2.889883
2024/11/5 12:30,2.722069
2024/11/5 12:45,2.472607
2024/11/5 13:00,2.232426
2024/11/5 13:15,2.095291
2024/11/5 13:30,2.083958
2024/11/5 13:45,2.065495
2024/11/5 14:00,2.076921
2024/11/5 14:15,2.110968
2024/11/5 14:30,2.24927
2024/11/5 14:45,2.407139
2024/11/5 15:00,2.719163
2024/11/5 15:15,2.93625
2024/11/5 15:30,3.332073
2024/11/5 15:45,3.77136
2024/11/5 16:00,4.012127
2024/11/5 16:15,4.347565
2024/11/5 16:30,4.698893
2024/11/5 16:45,5.151343
2024/11/5 17:00,5.488344
2024/11/5 17:15,5.920042
2024/11/5 17:30,6.271454
2024/11/5 17:45,6.534827
2024/11/5 18:00,6.695731
2024/11/5 18:15,6.976135
2024/11/5 18:30,7.13082
2024/11/5 18:45,7.26047
2024/11/5 19:00,7.296348
2024/11/5 19:15,7.275442
2024/11/5 19:30,7.175951
2024/11/5 19:45,6.927534
2024/11/5 20:00,6.844721
2024/11/5 20:15,6.510548
2024/11/5 20:30,6.203417
2024/11/5 20:45,5.967369
2024/11/5 21:00,5.584789
2024/11/5 21:15,5.206233
2024/11/5 21:30,4.921824
2024/11/5 21:45,4.709859
2024/11/5 22:00,4.48018
2024/11/5 22:15,4.292955
2024/11/5 22:30,4.248649
2024/11/5 22:45,4.315041
2024/11/5 23:00,4.477344
2024/11/5 23:15,4.711962
2024/11/5 23:30,5.074063
2024/11/5 23:45,5.608721
2024/11/6 0:00,6.145023
2024/11/6 0:15,6.753589
2024/11/6 0:30,7.312463
2024/11/6 0:45,7.838199
2024/11/6 1:00,8.187557
2024/11/6 1:15,8.511364
2024/11/6 1:30,8.518385
2024/11/6 1:45,8.329511
2024/11/6 2:00,7.96464
2024/11/6 2:15,7.493892
2024/11/6 2:30,6.859227
2024/11/6 2:45,6.12887
2024/11/6 3:00,5.349816
2024/11/6 3:15,4.708413
2024/11/6 3:30,3.922457
2024/11/6 3:45,3.269345
2024/11/6 4:00,2.82583
2024/11/6 4:15,2.366424
2024/11/6 4:30,1.992863
2024/11/6 4:45,1.786581
2024/11/6 5:00,1.760477
2024/11/6 5:15,1.667185
2024/11/6 5:30,1.719663
2024/11/6 5:45,1.808121
2024/11/6 6:00,1.959955
2024/11/6 6:15,2.21672
2024/11/6 6:30,2.387338
2024/11/6 6:45,2.723275
2024/11/6 7:00,3.1685
2024/11/6 7:15,3.377701
2024/11/6 7:30,3.774691
2024/11/6 7:45,4.214606
2024/11/6 8:00,4.446768
2024/11/6 8:15,4.883322
2024/11/6 8:30,5.189021
2024/11/6 8:45,5.417609
2024/11/6 9:00,5.668994
2024/11/6 9:15,5.7191
2024/11/6 9:30,5.796745
2024/11/6 9:45,5.759381
2024/11/6 10:00,5.702711
2024/11/6 10:15,5.366579
2024/11/6 10:30,5.240373
2024/11/6 10:45,4.840104
2024/11/6 11:00,4.648234
2024/11/6 11:15,4.272818
2024/11/6 11:30,3.782646
2024/11/6 11:45,3.544386
2024/11/6 12:00,3.158386
2024/11/6 12:15,2.940515
2024/11/6 12:30,2.634976
2024/11/6 12:45,2.346044
2024/11/6 13:00,2.253716
2024/11/6 13:15,2.144637
2024/11/6 13:30,2.065491
2024/11/6 13:45,2.058434
2024/11/6 14:00,2.050602
2024/11/6 14:15,2.180996
2024/11/6 14:30,2.268897
2024/11/6 14:45,2.571179
2024/11/6 15:00,2.750367
2024/11/6 15:15,2.949533
2024/11/6 15:30,3.277262
2024/11/6 15:45,3.816113
2024/11/6 16:00,3.964207
2024/11/6 16:15,4.400775
2024/11/6 16:30,4.621724
2024/11/6 16:45,5.150102
2024/11/6 17:00,5.434576
2024/11/6 17:15,5.908799
2024/11/6 17:30,6.229555
2024/11/6 17:45,6.503976
2024/11/6 18:00,6.765458
2024/11/6 18:15,7.010975
2024/11/6 18:30,7.188746
2024/11/6 18:45,7.273731
2024/11/6 19:00,7.359469
2024/11/6 19:15,7.281203
2024/11/6 19:30,7.160887
2024/11/6 19:45,6.989999
2024/11/6 20:00,6.834335
2024/11/6 20:15,6.542345
2024/11/6 20:30,6.204693
2024/11/6 20:45,5.948513
2024/11/6 21:00,5.629281
2024/11/6 21:15,5.211802
2024/11/6 21:30,5.068777
2024/11/6 21:45,4.77866
2024/11/6 22:00,4.511863
2024/11/6 22:15,4.276381
2024/11/6 22:30,4.267199
2024/11/6 22:45,4.305829
2024/11/6 23:00,4.473437
2024/11/6 23:15,4.859662
2024/11/6 23:30,5.143699
2024/11/6 23:45,5.647133
2024/11/7 0:00,6.169156
2024/11/7 0:15,6.773869
2024/11/7 0:30,7.457312
2024/11/7 0:45,7.958168
2024/11/7 1:00,8.211954
2024/11/7 1:15,8.518711
2024/11/7 1:30,8.544643
2024/11/7 1:45,8.378096
2024/11/7 2:00,8.058735
2024/11/7 2:15,7.48761
2024/11/7 2:30,6.842843
2024/11/7 2:45,6.181095
2024/11/7 3:00,5.354806
2024/11/7 3:15,4.679313
2024/11/7 3:30,3.899381
2024/11/7 3:45,3.221326
2024/11/7 4:00,2.681502
2024/11/7 4:15,2.413525
2024/11/7 4:30,2.013214
2024/11/7 4:45,1.772782
2024/11/7 5:00,1.707478
2024/11/7 5:15,1.655752
2024/11/7 5:30,1.706199
2024/11/7 5:45,1.766765
2024/11/7 6:00,1.988849
2024/11/7 6:15,2.217902
2024/11/7 6:30,2.45957
2024/11/7 6:45,2.818824
2024/11/7 7:00,2.947982
2024/11/7 7:15,3.428116
2024/11/7 7:30,3.797021
2024/11/7 7:45,4.217687
2024/11/7 8:00,4.46914
2024/11/7 8:15,4.843487
2024/11/7 8:30,5.15479
2024/11/7 8:45,5.400597
2024/11/7 9:00,5.701276
2024/11/7 9:15,5.759173
2024/11/7 9:30,5.750935
2024/11/7 9:45,5.834221
2024/11/7 10:00,5.698721
2024/11/7 10:15,5.510658
2024/11/7 10:30,5.287835
2024/11/7 10:45,4.797997
2024/11/7 11:00,4.512445
2024/11/7 11:15,4.300865
2024/11/7 11:30,3.847076
2024/11/7 11:45,3.499929
2024/11/7 12:00,3.159763
2024/11/7 12:15,2.814669
2024/11/7 12:30,2.620993
2024/11/7 12:45,2.419642
2024/11/7 13:00,2.239198
2024/11/7 13:15,2.117802
2024/11/7 13:30,2.075811
2024/11/7 13:45,2.056318
2024/11/7 14:00,2.069064
2024/11/7 14:15,2.205704
2024/11/7 14:30,2.310775
2024/11/7 14:45,2.452342
2024/11/7 15:00,2.700722
2024/11/7 15:15,2.941947
2024/11/7 15:30,3.204338
2024/11/7 15:45,3.726677
2024/11/7 16:00,3.995483
2024/11/7 16:15,4.353636
2024/11/7 16:30,4.70894
2024/11/7 16:45,5.161569
2024/11/7 17:00,5.498321
2024/11/7 17:15,5.912004
2024/11/7 17:30,6.233256
2024/11/7 17:45,6.563158
2024/11/7 18:00,6.854866
2024/11/7 18:15,7.044081
2024/11/7 18:30,7.224624
2024/11/7 18:45,7.283107
2024/11/7 19:00,7.268446
2024/11/7 19:15,7.222582
2024/11/7 19:30,7.197408
2024/11/7 19:45,6.929903
2024/11/7 20:00,6.830779
2024/11/7 20:15,6.541303
2024/11/7 20:30,6.44612
2024/11/7 20:45,5.905211
2024/11/7 21:00,5.626921
2024/11/7 21:15,5.245847
2024/11/7 21:30,4.872459
2024/11/7 21:45,4.72945
2024/11/7 22:00,4.416991
2024/11/7 22:15,4.257659
2024/11/7 22:30,4.272284
2024/11/7 22:45,4.330309
2024/11/7 23:00,4.389635
2024/11/7 23:15,4.727418
2024/11/7 23:30,5.127712
2024/11/7 23:45,5.576483
2024/11/8 0:00,6.160674
2024/11/8 0:15,6.807917
2024/11/8 0:30,7.296765
2024/11/8 0:45,7.910288
2024/11/8 1:00,8.254676
2024/11/8 1:15,8.519213
2024/11/8 1:30,8.534214
2024/11/8 1:45,8.361463
2024/11/8 2:00,7.939809
2024/11/8 2:15,7.479831
2024/11/8 2:30,6.939252
2024/11/8 2:45,6.158815
2024/11/8 3:00,5.35758
2024/11/8 3:15,4.649119
2024/11/8 3:30,3.980024
2024/11/8 3:45,3.411629
2024/11/8 4:00,2.750487
2024/11/8 4:15,2.377672
2024/11/8 4:30,2.044646
2024/11/8 4:45,1.784775
2024/11/8 5:00,1.708523
2024/11/8 5:15,1.658263
2024/11/8 5:30,1.713971
2024/11/8 5:45,1.772529
2024/11/8 6:00,1.970715
2024/11/8 6:15,2.225593
2024/11/8 6:30,2.430748
2024/11/8 6:45,2.721609
2024/11/8 7:00,3.041668
2024/11/8 7:15,3.456417
2024/11/8 7:30,3.814628
2024/11/8 7:45,4.19793
2024/11/8 8:00,4.502302
2024/11/8 8:15,4.828334
2024/11/8 8:30,5.187017
2024/11/8 8:45,5.54256
2024/11/8 9:00,5.709906
2024/11/8 9:15,5.733153
2024/11/8 9:30,5.74245
2024/11/8 9:45,5.734079
2024/11/8 10:00,5.684095
2024/11/8 10:15,5.416707
2024/11/8 10:30,5.14687
2024/11/8 10:45,4.759247
2024/11/8 11:00,4.392145
2024/11/8 11:15,4.191791
2024/11/8 11:30,3.870861
2024/11/8 11:45,3.59012
2024/11/8 12:00,3.206414
2024/11/8 12:15,2.848029
2024/11/8 12:30,2.649704
2024/11/8 12:45,2.434788
2024/11/8 13:00,2.236286
2024/11/8 13:15,2.134787
2024/11/8 13:30,2.050263
2024/11/8 13:45,2.046489
2024/11/8 14:00,2.055187
2024/11/8 14:15,2.185427
2024/11/8 14:30,2.294939
2024/11/8 14:45,2.497577
2024/11/8 15:00,2.74968
2024/11/8 15:15,2.889782
2024/11/8 15:30,3.188516
2024/11/8 15:45,3.602172
2024/11/8 16:00,3.956066
2024/11/8 16:15,4.31888
2024/11/8 16:30,4.721842
2024/11/8 16:45,5.127626
2024/11/8 17:00,5.564444
2024/11/8 17:15,5.878473
2024/11/8 17:30,6.220048
2024/11/8 17:45,6.46095
2024/11/8 18:00,6.788049
2024/11/8 18:15,7.006407
2024/11/8 18:30,7.238185
2024/11/8 18:45,7.290919
2024/11/8 19:00,7.266407
2024/11/8 19:15,7.244155
2024/11/8 19:30,7.200874
2024/11/8 19:45,6.980865
2024/11/8 20:00,6.78228
2024/11/8 20:15,6.496508
2024/11/8 20:30,6.122332
2024/11/8 20:45,5.810129
2024/11/8 21:00,5.632145
2024/11/8 21:15,5.237167
2024/11/8 21:30,4.895253
2024/11/8 21:45,4.640654
2024/11/8 22:00,4.389642
2024/11/8 22:15,4.268796
2024/11/8 22:30,4.275023
2024/11/8 22:45,4.321366
2024/11/8 23:00,4.377279
2024/11/8 23:15,4.736644
2024/11/8 23:30,5.130566
2024/11/8 23:45,5.580003
2024/11/9 0:00,5.817351
2024/11/9 0:15,5.983973
2024/11/9 0:30,6.283216
2024/11/9 0:45,6.654543
2024/11/9 1:00,6.8815
2024/11/9 1:15,7.13562
2024/11/9 1:30,7.247085
2024/11/9 1:45,7.288517
2024/11/9 2:00,7.273647
2024/11/9 2:15,7.228652
2024/11/9 2:30,7.054066
2024/11/9 2:45,6.932169
2024/11/9 3:00,6.424428
2024/11/9 3:15,6.195982
2024/11/9 3:30,5.78434
2024/11/9 3:45,5.386541
2024/11/9 4:00,5.048829
2024/11/9 4:15,4.365178
2024/11/9 4:30,3.982665
2024/11/9 4:45,3.640815
2024/11/9 5:00,3.45756
2024/11/9 5:15,3.054948
2024/11/9 5:30,2.732263
2024/11/9 5:45,2.665575
2024/11/9 6:00,2.510402
2024/11/9 6:15,2.352592
2024/11/9 6:30,2.35575
2024/11/9 6:45,2.364679
2024/11/9 7:00,2.406132
2024/11/9 7:15,2.518405
2024/11/9 7:30,2.645737
2024/11/9 7:45,2.749064
2024/11/9 8:00,2.847839
2024/11/9 8:15,3.110126
2024/11/9 8:30,3.207268
2024/11/9 8:45,3.482722
2024/11/9 9:00,3.649061
2024/11/9 9:15,3.91028
2024/11/9 9:30,4.229914
2024/11/9 9:45,4.602013
2024/11/9 10:00,4.974759
2024/11/9 10:15,5.261831
2024/11/9 10:30,5.384248
2024/11/9 10:45,5.649929
2024/11/9 11:00,5.995324
2024/11/9 11:15,6.241766
2024/11/9 11:30,6.510024
2024/11/9 11:45,6.808636
2024/11/9 12:00,7.155466
2024/11/9 12:15,7.316665
2024/11/9 12:30,7.520545
2024/11/9 12:45,7.759336
2024/11/9 13:00,7.929777
2024/11/9 13:15,8.078711
2024/11/9 13:30,8.125997
2024/11/9 13:45,8.173443
2024/11/9 14:00,8.201044
2024/11/9 14:15,8.202809
2024/11/9 14:30,8.240024
2024/11/9 14:45,8.250048
2024/11/9 15:00,8.211715
2024/11/9 15:15,8.172748
2024/11/9 15:30,8.10952
2024/11/9 15:45,7.953254
2024/11/9 16:00,7.914121
2024/11/9 16:15,7.877561
2024/11/9 16:30,7.892334
2024/11/9 16:45,7.859231
2024/11/9 17:00,7.856791
2024/11/9 17:15,7.879569
2024/11/9 17:30,7.902406
2024/11/9 17:45,8.068574
2024/11/9 18:00,8.183854
2024/11/9 18:15,8.352602
2024/11/9 18:30,8.426884
2024/11/9 18:45,8.577163
2024/11/9 19:00,8.537821
2024/11/9 19:15,8.546157
2024/11/9 19:30,8.521915
2024/11/9 19:45,8.519054
2024/11/9 20:00,8.383966
2024/11/9 20:15,8.194862
2024/11/9 20:30,7.99145
2024/11/9 20:45,7.70773
2024/11/9 21:00,7.331677
2024/11/9 21:15,6.852875
2024/11/9 21:30,6.194546
2024/11/9 21:45,6.021017
2024/11/9 22:00,5.73034
2024/11/9 22:15,5.422538
2024/11/9 22:30,5.211529
2024/11/9 22:45,5.138244
2024/11/9 23:00,5.102397
2024/11/9 23:15,5.112451
2024/11/9 23:30,5.203526
2024/11/9 23:45,5.52847
2024/11/10 0:00,5.721921
2024/11/10 0:15,5.867775
2024/11/10 0:30,6.187142
2024/11/10 0:45,6.608177
2024/11/10 1:00,6.906417
2024/11/10 1:15,7.023249
2024/11/10 1:30,7.241582
2024/11/10 1:45,7.233174
2024/11/10 2:00,7.241851
2024/11/10 2:15,7.213374
2024/11/10 2:30,6.984314
2024/11/10 2:45,6.816254
2024/11/10 3:00,6.570602
2024/11/10 3:15,6.242512
2024/11/10 3:30,5.737808
2024/11/10 3:45,5.355558
2024/11/10 4:00,5.006015
2024/11/10 4:15,4.415944
2024/11/10 4:30,4.023069
2024/11/10 4:45,3.686457
2024/11/10 5:00,3.333257
2024/11/10 5:15,3.103477
2024/11/10 5:30,2.766628
2024/11/10 5:45,2.60729
2024/11/10 6:00,2.499748
2024/11/10 6:15,2.410881
2024/11/10 6:30,2.40402
2024/11/10 6:45,2.392462
2024/11/10 7:00,2.426217
2024/11/10 7:15,2.468
2024/11/10 7:30,2.602316
2024/11/10 7:45,2.740816
2024/11/10 8:00,2.91806
2024/11/10 8:15,3.082416
2024/11/10 8:30,3.209366
2024/11/10 8:45,3.309694
2024/11/10 9:00,3.570904
2024/11/10 9:15,3.834357
2024/11/10 9:30,4.222844
2024/11/10 9:45,4.537249
2024/11/10 10:00,4.812929
2024/11/10 10:15,5.132971
2024/11/10 10:30,5.380107
2024/11/10 10:45,5.712941
2024/11/10 11:00,5.999012
2024/11/10 11:15,6.249048
2024/11/10 11:30,6.500175
2024/11/10 11:45,6.807533
2024/11/10 12:00,7.098467
2024/11/10 12:15,7.291528
2024/11/10 12:30,7.465168
2024/11/10 12:45,7.726624
2024/11/10 13:00,7.955796
2024/11/10 13:15,8.08525
2024/11/10 13:30,8.200885
2024/11/10 13:45,8.252302
2024/11/10 14:00,8.277177
2024/11/10 14:15,8.245498
2024/11/10 14:30,8.226322
2024/11/10 14:45,8.211163
2024/11/10 15:00,8.16213
2024/11/10 15:15,8.100171
2024/11/10 15:30,8.053878
2024/11/10 15:45,7.948831
2024/11/10 16:00,7.890162
2024/11/10 16:15,7.888782
2024/11/10 16:30,7.881915
2024/11/10 16:45,7.865141
2024/11/10 17:00,7.869354
2024/11/10 17:15,7.883656
2024/11/10 17:30,7.914548
2024/11/10 17:45,8.059145
2024/11/10 18:00,8.136111
2024/11/10 18:15,8.253047
2024/11/10 18:30,8.432502
2024/11/10 18:45,8.572506
2024/11/10 19:00,8.539158
2024/11/10 19:15,8.553846
2024/11/10 19:30,8.525116
2024/11/10 19:45,8.517711
2024/11/10 20:00,8.348378
2024/11/10 20:15,8.123561
2024/11/10 20:30,7.813505
2024/11/10 20:45,7.590117
2024/11/10 21:00,7.232065
2024/11/10 21:15,6.889965
2024/11/10 21:30,6.386882
2024/11/10 21:45,5.996616
2024/11/10 22:00,5.754196
2024/11/10 22:15,5.532947
2024/11/10 22:30,5.283481
2024/11/10 22:45,5.244032
2024/11/10 23:00,5.206693
2024/11/10 23:15,5.173788
2024/11/10 23:30,5.243155
2024/11/10 23:45,5.551868
2024/11/11 0:00,6.172158
2024/11/11 0:15,6.686282
2024/11/11 0:30,7.278336
2024/11/11 0:45,7.92264
2024/11/11 1:00,8.25219
2024/11/11 1:15,8.504313
2024/11/11 1:30,8.536833
2024/11/11 1:45,8.413523
2024/11/11 2:00,7.994582
2024/11/11 2:15,7.496097
2024/11/11 2:30,6.829116
2024/11/11 2:45,6.206583
2024/11/11 3:00,5.519266
2024/11/11 3:15,4.693042
2024/11/11 3:30,3.901448
2024/11/11 3:45,3.399802
2024/11/11 4:00,2.834882
2024/11/11 4:15,2.471435
2024/11/11 4:30,2.080146
2024/11/11 4:45,1.800516
2024/11/11 5:00,1.689522
2024/11/11 5:15,1.689966
2024/11/11 5:30,1.709578
2024/11/11 5:45,1.768947
2024/11/11 6:00,1.943653
2024/11/11 6:15,2.1873
2024/11/11 6:30,2.398547
2024/11/11 6:45,2.703499
2024/11/11 7:00,3.024655
2024/11/11 7:15,3.460075
2024/11/11 7:30,3.810866
2024/11/11 7:45,4.207289
2024/11/11 8:00,4.479007
2024/11/11 8:15,4.924153
2024/11/11 8:30,5.045551
2024/11/11 8:45,5.323383
2024/11/11 9:00,5.600963
2024/11/11 9:15,5.71609
2024/11/11 9:30,5.753985
2024/11/11 9:45,5.7476
2024/11/11 10:00,5.67723
2024/11/11 10:15,5.413527
2024/11/11 10:30,5.191775
2024/11/11 10:45,4.939867
2024/11/11 11:00,4.646622
2024/11/11 11:15,4.219255
2024/11/11 11:30,3.843882
2024/11/11 11:45,3.318428
2024/11/11 12:00,3.080795
2024/11/11 12:15,2.82099
2024/11/11 12:30,2.6776
2024/11/11 12:45,2.432558
2024/11/11 13:00,2.292587
2024/11/11 13:15,2.149519
2024/11/11 13:30,2.069628
2024/11/11 13:45,2.075224
2024/11/11 14:00,2.081677
2024/11/11 14:15,2.157225
2024/11/11 14:30,2.306231
2024/11/11 14:45,2.527805
2024/11/11 15:00,2.816191
2024/11/11 15:15,2.944297
2024/11/11 15:30,3.200236
2024/11/11 15:45,3.585221
2024/11/11 16:00,3.906626
2024/11/11 16:15,4.463592
2024/11/11 16:30,4.717141
2024/11/11 16:45,5.071638
2024/11/11 17:00,5.58147
2024/11/11 17:15,6.023945
2024/11/11 17:30,6.400631
2024/11/11 17:45,6.602868
2024/11/11 18:00,6.843348
2024/11/11 18:15,7.00706
2024/11/11 18:30,7.236056
2024/11/11 18:45,7.307958
2024/11/11 19:00,7.279418
2024/11/11 19:15,7.251213
2024/11/11 19:30,7.188605
2024/11/11 19:45,6.946616
2024/11/11 20:00,6.807112
2024/11/11 20:15,6.674859
2024/11/11 20:30,6.283531
2024/11/11 20:45,5.915354
2024/11/11 21:00,5.510599
2024/11/11 21:15,5.207315
2024/11/11 21:30,4.853686
2024/11/11 21:45,4.649903
2024/11/11 22:00,4.499201
2024/11/11 22:15,4.321693
2024/11/11 22:30,4.26278
2024/11/11 22:45,4.326714
2024/11/11 23:00,4.513635
2024/11/11 23:15,4.731392
2024/11/11 23:30,5.144356
2024/11/11 23:45,5.614322
2024/11/12 0:00,6.216845
2024/11/12 0:15,6.801245
2024/11/12 0:30,7.290407
2024/11/12 0:45,7.944
2024/11/12 1:00,8.221373
2024/11/12 1:15,8.521321
2024/11/12 1:30,8.521
2024/11/12 1:45,8.347912
2024/11/12 2:00,8.036414
2024/11/12 2:15,7.478738
2024/11/12 2:30,6.985677
2024/11/12 2:45,6.201646
2024/11/12 3:00,5.408629
2024/11/12 3:15,4.653392
2024/11/12 3:30,3.901932
2024/11/12 3:45,3.268812
2024/11/12 4:00,2.754344
2024/11/12 4:15,2.362141
2024/11/12 4:30,2.010355
2024/11/12 4:45,1.762949
2024/11/12 5:00,1.692129
2024/11/12 5:15,1.639183
2024/11/12 5:30,1.71347
2024/11/12 5:45,1.780641
2024/11/12 6:00,1.969093
2024/11/12 6:15,2.200492
2024/11/12 6:30,2.364184
2024/11/12 6:45,2.692393
2024/11/12 7:00,3.074491
2024/11/12 7:15,3.481579
2024/11/12 7:30,3.769989
2024/11/12 7:45,4.144355
2024/11/12 8:00,4.551018
2024/11/12 8:15,4.854918
2024/11/12 8:30,5.145281
2024/11/12 8:45,5.394864
2024/11/12 9:00,5.667496
2024/11/12 9:15,5.71575
2024/11/12 9:30,5.784955
2024/11/12 9:45,5.750283
2024/11/12 10:00,5.694849
2024/11/12 10:15,5.399085
2024/11/12 10:30,5.200295
2024/11/12 10:45,4.86139
2024/11/12 11:00,4.616251
2024/11/12 11:15,4.254545
2024/11/12 11:30,3.826723
2024/11/12 11:45,3.497773
2024/11/12 12:00,3.134357
2024/11/12 12:15,2.822475
2024/11/12 12:30,2.643764
2024/11/12 12:45,2.432066
2024/11/12 13:00,2.256413
2024/11/12 13:15,2.125357
2024/11/12 13:30,2.049531
2024/11/12 13:45,2.044099
2024/11/12 14:00,2.058787
2024/11/12 14:15,2.16547
2024/11/12 14:30,2.310473
2024/11/12 14:45,2.461123
2024/11/12 15:00,2.733037
2024/11/12 15:15,2.957101
2024/11/12 15:30,3.286099
2024/11/12 15:45,3.733158
2024/11/12 16:00,4.001781
2024/11/12 16:15,4.370265
2024/11/12 16:30,4.726281
2024/11/12 16:45,5.117497
2024/11/12 17:00,5.492508
2024/11/12 17:15,5.90077
2024/11/12 17:30,6.291914
2024/11/12 17:45,6.550659
2024/11/12 18:00,6.787597
2024/11/12 18:15,7.010772
2024/11/12 18:30,7.212674
2024/11/12 18:45,7.281498
2024/11/12 19:00,7.274422
2024/11/12 19:15,7.241793
2024/11/12 19:30,7.187005
2024/11/12 19:45,6.921507
2024/11/12 20:00,6.811384
2024/11/12 20:15,6.57175
2024/11/12 20:30,6.26819
2024/11/12 20:45,5.921261
2024/11/12 21:00,5.598516
2024/11/12 21:15,5.225279
2024/11/12 21:30,4.923013
2024/11/12 21:45,4.684667
2024/11/12 22:00,4.487191
2024/11/12 22:15,4.298181
2024/11/12 22:30,4.271594
2024/11/12 22:45,4.317492
2024/11/12 23:00,4.476837
2024/11/12 23:15,4.734149
2024/11/12 23:30,5.121812
2024/11/12 23:45,5.603672
2024/11/13 0:00,6.195125
2024/11/13 0:15,6.769215
2024/11/13 0:30,7.294794
2024/11/13 0:45,7.924469
2024/11/13 1:00,8.197578
2024/11/13 1:15,8.522073
2024/11/13 1:30,8.524522
2024/11/13 1:45,8.324378
2024/11/13 2:00,7.996783
2024/11/13 2:15,7.499821
2024/11/13 2:30,6.873375
2024/11/13 2:45,6.125683
2024/11/13 3:00,5.36048
2024/11/13 3:15,4.667491
2024/11/13 3:30,3.926015
2024/11/13 3:45,3.29268
2024/11/13 4:00,2.778168
2024/11/13 4:15,2.38698
2024/11/13 4:30,2.060216
2024/11/13 4:45,1.79901
2024/11/13 5:00,1.717526
2024/11/13 5:15,1.664355
2024/11/13 5:30,1.716833
2024/11/13 5:45,1.795547
2024/11/13 6:00,1.9624
2024/11/13 6:15,2.230667
2024/11/13 6:30,2.401684
2024/11/13 6:45,2.71227
2024/11/13 7:00,3.101214
2024/11/13 7:15,3.471
2024/11/13 7:30,3.815446
2024/11/13 7:45,4.191645
2024/11/13 8:00,4.505701
2024/11/13 8:15,4.869337
2024/11/13 8:30,5.215067
2024/11/13 8:45,5.438423
2024/11/13 9:00,5.701936
2024/11/13 9:15,5.743899
2024/11/13 9:30,5.813931
2024/11/13 9:45,5.732202
2024/11/13 10:00,5.681887
2024/11/13 10:15,5.349429
2024/11/13 10:30,5.185759
2024/11/13 10:45,4.85214
2024/11/13 11:00,4.618348
2024/11/13 11:15,4.278598
2024/11/13 11:30,3.857473
2024/11/13 11:45,3.520966
2024/11/13 12:00,3.168504
2024/11/13 12:15,2.888232
2024/11/13 12:30,2.619608
2024/11/13 12:45,2.415206
2024/11/13 13:00,2.233513
2024/11/13 13:15,2.139309
2024/11/13 13:30,2.05444
2024/11/13 13:45,2.048124
2024/11/13 14:00,2.060204
2024/11/13 14:15,2.178676
2024/11/13 14:30,2.300642
2024/11/13 14:45,2.568653
2024/11/13 15:00,2.774215
2024/11/13 15:15,2.976381
2024/11/13 15:30,3.283823
2024/11/13 15:45,3.786127
2024/11/13 16:00,3.976184
2024/11/13 16:15,4.355475
2024/11/13 16:30,4.729224
2024/11/13 16:45,5.123276
2024/11/13 17:00,5.487325
2024/11/13 17:15,5.875073
2024/11/13 17:30,6.234417
2024/11/13 17:45,6.510874
2024/11/13 18:00,6.783297
2024/11/13 18:15,7.012834
2024/11/13 18:30,7.246164
2024/11/13 18:45,7.285771
2024/11/13 19:00,7.291829
2024/11/13 19:15,7.24439
2024/11/13 19:30,7.19938
2024/11/13 19:45,6.983728
2024/11/13 20:00,6.807455
2024/11/13 20:15,6.541165
2024/11/13 20:30,6.264092
2024/11/13 20:45,5.867966
2024/11/13 21:00,5.631036
2024/11/13 21:15,5.251646
2024/11/13 21:30,4.996259
2024/11/13 21:45,4.701526
2024/11/13 22:00,4.488132
2024/11/13 22:15,4.289283
2024/11/13 22:30,4.269917
2024/11/13 22:45,4.324177
2024/11/13 23:00,4.466206
2024/11/13 23:15,4.764678
2024/11/13 23:30,5.126082
2024/11/13 23:45,5.614173
2024/11/14 0:00,6.202079
2024/11/14 0:15,6.811846
2024/11/14 0:30,7.339284
2024/11/14 0:45,7.93384
2024/11/14 1:00,8.21586
2024/11/14 1:15,8.522515
2024/11/14 1:30,8.530876
2024/11/14 1:45,8.378983
2024/11/14 2:00,8.056977
2024/11/14 2:15,7.48317
2024/11/14 2:30,6.865846
2024/11/14 2:45,6.182307
2024/11/14 3:00,5.348516
2024/11/14 3:15,4.654319
2024/11/14 3:30,3.908158
2024/11/14 3:45,3.247933
2024/11/14 4:00,2.73
2024/11/14 4:15,2.363927
2024/11/14 4:30,1.997859
2024/11/14 4:45,1.773856
2024/11/14 5:00,1.715577
2024/11/14 5:15,1.658248
2024/11/14 5:30,1.714429
2024/11/14 5:45,1.777332
2024/11/14 6:00,1.982043
2024/11/14 6:15,2.231174
2024/11/14 6:30,2.434755
2024/11/14 6:45,2.72451
2024/11/14 7:00,3.040121
2024/11/14 7:15,3.465794
2024/11/14 7:30,3.829555
2024/11/14 7:45,4.200419
2024/11/14 8:00,4.501676
2024/11/14 8:15,4.853057
2024/11/14 8:30,5.194572
2024/11/14 8:45,5.462588
2024/11/14 9:00,5.710905
2024/11/14 9:15,5.740206
2024/11/14 9:30,5.771995
2024/11/14 9:45,5.760093
2024/11/14 10:00,5.694173
2024/11/14 10:15,5.43117
2024/11/14 10:30,5.194737
2024/11/14 10:45,4.833071
2024/11/14 11:00,4.548404
2024/11/14 11:15,4.282146
2024/11/14 11:30,3.881577
2024/11/14 11:45,3.507547
2024/11/14 12:00,3.17
2024/11/14 12:15,2.832341
2024/11/14 12:30,2.608265
2024/11/14 12:45,2.409291
2024/11/14 13:00,2.231116
2024/11/14 13:15,2.134431
2024/11/14 13:30,2.050242
2024/11/14 13:45,2.043441
2024/11/14 14:00,2.058968
2024/11/14 14:15,2.206783
2024/11/14 14:30,2.324265
2024/11/14 14:45,2.5286
2024/11/14 15:00,2.782383
2024/11/14 15:15,2.997406
2024/11/14 15:30,3.236944
2024/11/14 15:45,3.759361
2024/11/14 16:00,3.960659
2024/11/14 16:15,4.329525
2024/11/14 16:30,4.714227
2024/11/14 16:45,5.117021
2024/11/14 17:00,5.539817
2024/11/14 17:15,5.885526
2024/11/14 17:30,6.242752
2024/11/14 17:45,6.516663
2024/11/14 18:00,6.804107
2024/11/14 18:15,7.01282
2024/11/14 18:30,7.228483
2024/11/14 18:45,7.291154
2024/11/14 19:00,7.262423
2024/11/14 19:15,7.24439
2024/11/14 19:30,7.205455
2024/11/14 19:45,6.918552
2024/11/14 20:00,6.808924
2024/11/14 20:15,6.52853
2024/11/14 20:30,6.31387
2024/11/14 20:45,5.859024
2024/11/14 21:00,5.638354
2024/11/14 21:15,5.258415
2024/11/14 21:30,4.897659
2024/11/14 21:45,4.703671
2024/11/14 22:00,4.429373
2024/11/14 22:15,4.27814
2024/11/14 22:30,4.271899
2024/11/14 22:45,4.315744
2024/11/14 23:00,4.438016
2024/11/14 23:15,4.727307
2024/11/14 23:30,5.120711
2024/11/14 23:45,5.614575
2024/11/15 0:00,6.194449
2024/11/15 0:15,6.811846
2024/11/15 0:30,7.287242
2024/11/15 0:45,7.951871
2024/11/15 1:00,8.251356
2024/11/15 1:15,8.520163
2024/11/15 1:30,8.530876
2024/11/15 1:45,8.404483
2024/11/15 2:00,7.978317
2024/11/15 2:15,7.46641
2024/11/15 2:30,6.881126
2024/11/15 2:45,6.17027
2024/11/15 3:00,5.360505
2024/11/15 3:15,4.649878
2024/11/15 3:30,3.919534
2024/11/15 3:45,3.403684
2024/11/15 4:00,2.786837
2024/11/15 4:15,2.391781
2024/11/15 4:30,2.041805
2024/11/15 4:45,1.785594
2024/11/15 5:00,1.715577
2024/11/15 5:15,1.654935
2024/11/15 5:30,1.714429
2024/11/15 5:45,1.77519
2024/11/15 6:00,1.971173
2024/11/15 6:15,2.226412
2024/11/15 6:30,2.39503
2024/11/15 6:45,2.748376
2024/11/15 7:00,3.096319
2024/11/15 7:15,3.476999
2024/11/15 7:30,3.815446
2024/11/15 7:45,4.197963
2024/11/15 8:00,4.544399
2024/11/15 8:15,4.837188
2024/11/15 8:30,5.20219
2024/11/15 8:45,5.538946
2024/11/15 9:00,5.716959
2024/11/15 9:15,5.742154
2024/11/15 9:30,5.754974
2024/11/15 9:45,5.715918
2024/11/15 10:00,5.675676
2024/11/15 10:15,5.364641
2024/11/15 10:30,5.142753
2024/11/15 10:45,4.787128
2024/11/15 11:00,4.422245
2024/11/15 11:15,4.218801
2024/11/15 11:30,3.863333
2024/11/15 11:45,3.551151
2024/11/15 12:00,3.163868
2024/11/15 12:15,2.833885
2024/11/15 12:30,2.609942
2024/11/15 12:45,2.403753
2024/11/15 13:00,2.229158
2024/11/15 13:15,2.134431
2024/11/15 13:30,2.045815
2024/11/15 13:45,2.047716
2024/11/15 14:00,2.058968
2024/11/15 14:15,2.186246
2024/11/15 14:30,2.312954
2024/11/15 14:45,2.530295
2024/11/15 15:00,2.747341
2024/11/15 15:15,2.937337
2024/11/15 15:30,3.221013
2024/11/15 15:45,3.677783
2024/11/15 16:00,3.965936
2024/11/15 16:15,4.330868
2024/11/15 16:30,4.725902
2024/11/15 16:45,5.098629
2024/11/15 17:00,5.562867
2024/11/15 17:15,5.878639
2024/11/15 17:30,6.230868
2024/11/15 17:45,6.456722
2024/11/15 18:00,6.758517
2024/11/15 18:15,6.994527
2024/11/15 18:30,7.228684
2024/11/15 18:45,7.281788
2024/11/15 19:00,7.266642
2024/11/15 19:15,7.24439
2024/11/15 19:30,7.205455
2024/11/15 19:45,6.974239
2024/11/15 20:00,6.786677
2024/11/15 20:15,6.511225
2024/11/15 20:30,6.200254
2024/11/15 20:45,5.837726
2024/11/15 21:00,5.64193
2024/11/15 21:15,5.263839
2024/11/15 21:30,4.92222
2024/11/15 21:45,4.673538
2024/11/15 22:00,4.393648
2024/11/15 22:15,4.272833
2024/11/15 22:30,4.275938
2024/11/15 22:45,4.322401
2024/11/15 23:00,4.37833
2024/11/15 23:15,4.720163
2024/11/15 23:30,5.122063
2024/11/15 23:45,5.619009
2024/11/16 0:00,5.880644
2024/11/16 0:15,6.060256
2024/11/16 0:30,6.300495
2024/11/16 0:45,6.663277
2024/11/16 1:00,6.942844
2024/11/16 1:15,7.148216
2024/11/16 1:30,7.249907
2024/11/16 1:45,7.28773
2024/11/16 2:00,7.276469
2024/11/16 2:15,7.201876
2024/11/16 2:30,7.039769
2024/11/16 2:45,6.807026
2024/11/16 3:00,6.399468
2024/11/16 3:15,6.159527
2024/11/16 3:30,5.752506
2024/11/16 3:45,5.381444
2024/11/16 4:00,5.019952
2024/11/16 4:15,4.35844
2024/11/16 4:30,3.891658
2024/11/16 4:45,3.571866
2024/11/16 5:00,3.450147
2024/11/16 5:15,3.048122
2024/11/16 5:30,2.747865
2024/11/16 5:45,2.630783
2024/11/16 6:00,2.472207
2024/11/16 6:15,2.343388
2024/11/16 6:30,2.354179
2024/11/16 6:45,2.405233
2024/11/16 7:00,2.447454
2024/11/16 7:15,2.498784
2024/11/16 7:30,2.626371
2024/11/16 7:45,2.820579
2024/11/16 8:00,2.885904
2024/11/16 8:15,3.104724
2024/11/16 8:30,3.23306
2024/11/16 8:45,3.483541
2024/11/16 9:00,3.69355
2024/11/16 9:15,3.959913
2024/11/16 9:30,4.232641
2024/11/16 9:45,4.604834
2024/11/16 10:00,4.997215
2024/11/16 10:15,5.235556
2024/11/16 10:30,5.43893
2024/11/16 10:45,5.700653
2024/11/16 11:00,5.979495
2024/11/16 11:15,6.204621
2024/11/16 11:30,6.518282
2024/11/16 11:45,6.779267
2024/11/16 12:00,7.161026
2024/11/16 12:15,7.316964
2024/11/16 12:30,7.50934
2024/11/16 12:45,7.717714
2024/11/16 13:00,7.961396
2024/11/16 13:15,8.085779
2024/11/16 13:30,8.126296
2024/11/16 13:45,8.189795
2024/11/16 14:00,8.242062
2024/11/16 14:15,8.238988
2024/11/16 14:30,8.259085
2024/11/16 14:45,8.280617
2024/11/16 15:00,8.282898
2024/11/16 15:15,8.23958
2024/11/16 15:30,8.153329
2024/11/16 15:45,7.999122
2024/11/16 16:00,7.913987
2024/11/16 16:15,7.877861
2024/11/16 16:30,7.880607
2024/11/16 16:45,7.85953
2024/11/16 17:00,7.854957
2024/11/16 17:15,7.879868
2024/11/16 17:30,7.90336
2024/11/16 17:45,8.076297
2024/11/16 18:00,8.16971
2024/11/16 18:15,8.352901
2024/11/16 18:30,8.427183
2024/11/16 18:45,8.570893
2024/11/16 19:00,8.515848
2024/11/16 19:15,8.542168
2024/11/16 19:30,8.542168
2024/11/16 19:45,8.504802
2024/11/16 20:00,8.385608
2024/11/16 20:15,8.244752
2024/11/16 20:30,8.024667
2024/11/16 20:45,7.718386
2024/11/16 21:00,7.36259
2024/11/16 21:15,6.900422
2024/11/16 21:30,6.277253
2024/11/16 21:45,5.935434
2024/11/16 22:00,5.772129
2024/11/16 22:15,5.484537
2024/11/16 22:30,5.213763
2024/11/16 22:45,5.168398
2024/11/16 23:00,5.090331
2024/11/16 23:15,5.116757
2024/11/16 23:30,5.211527
2024/11/16 23:45,5.553628
2024/11/17 0:00,5.77865
2024/11/17 0:15,5.895919
2024/11/17 0:30,6.206867
2024/11/17 0:45,6.608444
2024/11/17 1:00,6.903446
2024/11/17 1:15,7.09027
2024/11/17 1:30,7.215978
2024/11/17 1:45,7.255363
2024/11/17 2:00,7.231343
2024/11/17 2:15,7.212163
2024/11/17 2:30,7.021973
2024/11/17 2:45,6.786693
2024/11/17 3:00,6.479941
2024/11/17 3:15,6.168853
2024/11/17 3:30,5.741028
2024/11/17 3:45,5.365266
2024/11/17 4:00,5.005733
2024/11/17 4:15,4.418958
2024/11/17 4:30,4.004558
2024/11/17 4:45,3.663756
2024/11/17 5:00,3.407099
2024/11/17 5:15,3.086082
2024/11/17 5:30,2.81208
2024/11/17 5:45,2.623153
2024/11/17 6:00,2.498646
2024/11/17 6:15,2.384719
2024/11/17 6:30,2.396805
2024/11/17 6:45,2.393503
2024/11/17 7:00,2.383055
2024/11/17 7:15,2.464555
2024/11/17 7:30,2.594442
2024/11/17 7:45,2.734399
2024/11/17 8:00,2.898972
2024/11/17 8:15,3.082583
2024/11/17 8:30,3.220641
2024/11/17 8:45,3.308109
2024/11/17 9:00,3.571072
2024/11/17 9:15,3.83352
2024/11/17 9:30,4.217125
2024/11/17 9:45,4.537416
2024/11/17 10:00,4.829523
2024/11/17 10:15,5.153015
2024/11/17 10:30,5.417107
2024/11/17 10:45,5.736252
2024/11/17 11:00,5.988689
2024/11/17 11:15,6.263325
2024/11/17 11:30,6.514132
2024/11/17 11:45,6.786652
2024/11/17 12:00,7.138201
2024/11/17 12:15,7.333861
2024/11/17 12:30,7.457992
2024/11/17 12:45,7.723508
2024/11/17 13:00,7.955729
2024/11/17 13:15,8.080724
2024/11/17 13:30,8.144249
2024/11/17 13:45,8.233712
2024/11/17 14:00,8.271481
2024/11/17 14:15,8.263773
2024/11/17 14:30,8.230425
2024/11/17 14:45,8.22341
2024/11/17 15:00,8.1749
2024/11/17 15:15,8.107364
2024/11/17 15:30,8.047276
2024/11/17 15:45,7.980885
2024/11/17 16:00,7.901581
2024/11/17 16:15,7.888949
2024/11/17 16:30,7.881333
2024/11/17 16:45,7.869411
2024/11/17 17:00,7.869522
2024/11/17 17:15,7.879857
2024/11/17 17:30,7.916533
2024/11/17 17:45,8.059313
2024/11/17 18:00,8.136279
2024/11/17 18:15,8.2816
2024/11/17 18:30,8.445244
2024/11/17 18:45,8.577048
2024/11/17 19:00,8.532816
2024/11/17 19:15,8.549725
2024/11/17 19:30,8.520995
2024/11/17 19:45,8.51359
2024/11/17 20:00,8.401895
2024/11/17 20:15,8.160019
2024/11/17 20:30,7.853716
2024/11/17 20:45,7.590284
2024/11/17 21:00,7.224884
2024/11/17 21:15,6.904657
2024/11/17 21:30,6.40772
2024/11/17 21:45,5.97824
2024/11/17 22:00,5.791542
2024/11/17 22:15,5.561578
2024/11/17 22:30,5.264197
2024/11/17 22:45,5.214789
2024/11/17 23:00,5.19824
2024/11/17 23:15,5.202872
2024/11/17 23:30,5.263444
2024/11/17 23:45,5.584373
2024/11/18 0:00,6.200809
2024/11/18 0:15,6.741634
2024/11/18 0:30,7.294027
2024/11/18 0:45,7.92264
2024/11/18 1:00,8.25219
2024/11/18 1:15,8.504313
2024/11/18 1:30,8.538519
2024/11/18 1:45,8.415208
2024/11/18 2:00,7.996268
2024/11/18 2:15,7.500476
2024/11/18 2:30,6.821871
2024/11/18 2:45,6.182423
2024/11/18 3:00,5.520952
2024/11/18 3:15,4.696485
2024/11/18 3:30,3.935237
2024/11/18 3:45,3.40351
2024/11/18 4:00,2.817016
2024/11/18 4:15,2.466295
2024/11/18 4:30,2.081832
2024/11/18 4:45,1.802202
2024/11/18 5:00,1.691208
2024/11/18 5:15,1.691652
2024/11/18 5:30,1.711264
2024/11/18 5:45,1.778355
2024/11/18 6:00,1.95306
2024/11/18 6:15,2.188986
2024/11/18 6:30,2.37648
2024/11/18 6:45,2.703492
2024/11/18 7:00,3.024655
2024/11/18 7:15,3.455899
2024/11/18 7:30,3.787955
2024/11/18 7:45,4.232854
2024/11/18 8:00,4.49022
2024/11/18 8:15,4.872339
2024/11/18 8:30,5.109971
2024/11/18 8:45,5.333262
2024/11/18 9:00,5.622195
2024/11/18 9:15,5.716394
2024/11/18 9:30,5.745247
2024/11/18 9:45,5.744669
2024/11/18 10:00,5.674209
2024/11/18 10:15,5.407655
2024/11/18 10:30,5.193234
2024/11/18 10:45,4.939867
2024/11/18 11:00,4.646622
2024/11/18 11:15,4.259525
2024/11/18 11:30,3.881338
2024/11/18 11:45,3.322075
2024/11/18 12:00,3.092536
2024/11/18 12:15,2.832199
2024/11/18 12:30,2.644462
2024/11/18 12:45,2.403543
2024/11/18 13:00,2.28464
2024/11/18 13:15,2.153919
2024/11/18 13:30,2.063957
2024/11/18 13:45,2.072288
2024/11/18 14:00,2.078742
2024/11/18 14:15,2.170926
2024/11/18 14:30,2.304467
2024/11/18 14:45,2.561848
2024/11/18 15:00,2.778388
2024/11/18 15:15,2.990591
2024/11/18 15:30,3.215856
2024/11/18 15:45,3.63653
2024/11/18 16:00,3.932606
2024/11/18 16:15,4.444537
2024/11/18 16:30,4.755516
2024/11/18 16:45,5.082936
2024/11/18 17:00,5.596859
2024/11/18 17:15,6.021454
2024/11/18 17:30,6.424432
2024/11/18 17:45,6.702424
2024/11/18 18:00,6.909627
2024/11/18 18:15,7.073754
2024/11/18 18:30,7.21116
2024/11/18 18:45,7.272601
2024/11/18 19:00,7.275809
2024/11/18 19:15,7.233282
2024/11/18 19:30,7.166464
2024/11/18 19:45,6.96007
2024/11/18 20:00,6.805961
2024/11/18 20:15,6.684139
2024/11/18 20:30,6.315109
2024/11/18 20:45,5.923841
2024/11/18 21:00,5.577167
2024/11/18 21:15,5.226188
2024/11/18 21:30,4.871865
2024/11/18 21:45,4.665867
2024/11/18 22:00,4.481803
2024/11/18 22:15,4.321693
2024/11/18 22:30,4.26993
2024/11/18 22:45,4.351026
2024/11/18 23:00,4.532256
2024/11/18 23:15,4.788391
2024/11/18 23:30,5.1456
2024/11/18 23:45,5.600578
2024/11/19 0:00,6.193865
2024/11/19 0:15,6.783102
2024/11/19 0:30,7.29452
2024/11/19 0:45,7.934439
2024/11/19 1:00,8.235126
2024/11/19 1:15,8.512764
2024/11/19 1:30,8.522035
2024/11/19 1:45,8.411195
2024/11/19 2:00,8.057007
2024/11/19 2:15,7.456104
2024/11/19 2:30,6.928278
2024/11/19 2:45,6.199627
2024/11/19 3:00,5.403547
2024/11/19 3:15,4.654876
2024/11/19 3:30,3.907857
2024/11/19 3:45,3.293291
2024/11/19 4:00,2.767391
2024/11/19 4:15,2.376429
2024/11/19 4:30,2.053051
2024/11/19 4:45,1.769679
2024/11/19 5:00,1.699939
2024/11/19 5:15,1.645826
2024/11/19 5:30,1.715156
2024/11/19 5:45,1.782327
2024/11/19 6:00,1.970869
2024/11/19 6:15,2.197443
2024/11/19 6:30,2.366095
2024/11/19 6:45,2.701356
2024/11/19 7:00,3.085719
2024/11/19 7:15,3.481808
2024/11/19 7:30,3.833986
2024/11/19 7:45,4.191834
2024/11/19 8:00,4.539499
2024/11/19 8:15,4.862343
2024/11/19 8:30,5.163735
2024/11/19 8:45,5.395798
2024/11/19 9:00,5.701085
2024/11/19 9:15,5.743048
2024/11/19 9:30,5.757895
2024/11/19 9:45,5.749631
2024/11/19 10:00,5.677632
2024/11/19 10:15,5.373913
2024/11/19 10:30,5.164112
2024/11/19 10:45,4.835204
2024/11/19 11:00,4.620785
2024/11/19 11:15,4.281547
2024/11/19 11:30,3.88869
2024/11/19 11:45,3.490921
2024/11/19 12:00,3.142439
2024/11/19 12:15,2.822074
2024/11/19 12:30,2.598993
2024/11/19 12:45,2.393407
2024/11/19 13:00,2.260392
2024/11/19 13:15,2.142002
2024/11/19 13:30,2.048519
2024/11/19 13:45,2.043087
2024/11/19 14:00,2.060737
2024/11/19 14:15,2.187936
2024/11/19 14:30,2.298052
2024/11/19 14:45,2.539724
2024/11/19 15:00,2.764142
2024/11/19 15:15,2.98924
2024/11/19 15:30,3.272827
2024/11/19 15:45,3.695058
2024/11/19 16:00,3.963098
2024/11/19 16:15,4.323337
2024/11/19 16:30,4.73661
2024/11/19 16:45,5.096009
2024/11/19 17:00,5.50215
2024/11/19 17:15,5.900998
2024/11/19 17:30,6.289837
2024/11/19 17:45,6.578869
2024/11/19 18:00,6.808225
2024/11/19 18:15,7.005669
2024/11/19 18:30,7.236065
2024/11/19 18:45,7.287071
2024/11/19 19:00,7.274422
2024/11/19 19:15,7.241793
2024/11/19 19:30,7.187005
2024/11/19 19:45,6.915511
2024/11/19 20:00,6.794819
2024/11/19 20:15,6.584234
2024/11/19 20:30,6.284221
2024/11/19 20:45,5.869046
2024/11/19 21:00,5.596605
2024/11/19 21:15,5.229277
2024/11/19 21:30,4.923013
2024/11/19 21:45,4.688888
2024/11/19 22:00,4.487191
2024/11/19 22:15,4.298814
2024/11/19 22:30,4.265576
2024/11/19 22:45,4.318811
2024/11/19 23:00,4.476837
2024/11/19 23:15,4.768484
2024/11/19 23:30,5.151079
2024/11/19 23:45,5.615631
2024/11/20 0:00,6.179386
2024/11/20 0:15,6.799719
2024/11/20 0:30,7.288129
2024/11/20 0:45,7.953209
2024/11/20 1:00,8.210115
2024/11/20 1:15,8.522073
2024/11/20 1:30,8.527926
2024/11/20 1:45,8.365899
2024/11/20 2:00,8.024822
2024/11/20 2:15,7.498363
2024/11/20 2:30,6.875
2024/11/20 2:45,6.151939
2024/11/20 3:00,5.361914
2024/11/20 3:15,4.658864
2024/11/20 3:30,3.920774
2024/11/20 3:45,3.272963
2024/11/20 4:00,2.763416
2024/11/20 4:15,2.370151
2024/11/20 4:30,2.038674
2024/11/20 4:45,1.767966
2024/11/20 5:00,1.716356
2024/11/20 5:15,1.663185
2024/11/20 5:30,1.718893
2024/11/20 5:45,1.786665
2024/11/20 6:00,1.9624
2024/11/20 6:15,2.230667
2024/11/20 6:30,2.401684
2024/11/20 6:45,2.717974
2024/11/20 7:00,3.060823
2024/11/20 7:15,3.455935
2024/11/20 7:30,3.859913
2024/11/20 7:45,4.218475
2024/11/20 8:00,4.538625
2024/11/20 8:15,4.880151
2024/11/20 8:30,5.21688
2024/11/20 8:45,5.452474
2024/11/20 9:00,5.701936
2024/11/20 9:15,5.743595
2024/11/20 9:30,5.79691
2024/11/20 9:45,5.732202
2024/11/20 10:00,5.681366
2024/11/20 10:15,5.343895
2024/11/20 10:30,5.15635
2024/11/20 10:45,4.827199
2024/11/20 11:00,4.618348
2024/11/20 11:15,4.278598
2024/11/20 11:30,3.883964
2024/11/20 11:45,3.507917
2024/11/20 12:00,3.191533
2024/11/20 12:15,2.848838
2024/11/20 12:30,2.605426
2024/11/20 12:45,2.408978
2024/11/20 13:00,2.241778
2024/11/20 13:15,2.140484
2024/11/20 13:30,2.051478
2024/11/20 13:45,2.045161
2024/11/20 14:00,2.063166
2024/11/20 14:15,2.191124
2024/11/20 14:30,2.312253
2024/11/20 14:45,2.597872
2024/11/20 15:00,2.774215
2024/11/20 15:15,3.002188
2024/11/20 15:30,3.285125
2024/11/20 15:45,3.730904
2024/11/20 16:00,3.962843
2024/11/20 16:15,4.323082
2024/11/20 16:30,4.737698
2024/11/20 16:45,5.105273
2024/11/20 17:00,5.495843
2024/11/20 17:15,5.863318
2024/11/20 17:30,6.234417
2024/11/20 17:45,6.527697
2024/11/20 18:00,6.786997
2024/11/20 18:15,7.012273
2024/11/20 18:30,7.25051
2024/11/20 18:45,7.285771
2024/11/20 19:00,7.280712
2024/11/20 19:15,7.24439
2024/11/20 19:30,7.205455
2024/11/20 19:45,6.966421
2024/11/20 20:00,6.790891
2024/11/20 20:15,6.541165
2024/11/20 20:30,6.280524
2024/11/20 20:45,5.823098
2024/11/20 21:00,5.637783
2024/11/20 21:15,5.268519
2024/11/20 21:30,4.981327
2024/11/20 21:45,4.671684
2024/11/20 22:00,4.488132
2024/11/20 22:15,4.308915
2024/11/20 22:30,4.2767
2024/11/20 22:45,4.327241
2024/11/20 23:00,4.481563
2024/11/20 23:15,4.754976
2024/11/20 23:30,5.153639
2024/11/20 23:45,5.631967
2024/11/21 0:00,6.178709
2024/11/21 0:15,6.811846
2024/11/21 0:30,7.287242
2024/11/21 0:45,7.944955
2024/11/21 1:00,8.226486
2024/11/21 1:15,8.522515
2024/11/21 1:30,8.530876
2024/11/21 1:45,8.420024
2024/11/21 2:00,8.062673
2024/11/21 2:15,7.469304
2024/11/21 2:30,6.872574
2024/11/21 2:45,6.182307
2024/11/21 3:00,5.348516
2024/11/21 3:15,4.649878
2024/11/21 3:30,3.911535
2024/11/21 3:45,3.283107
2024/11/21 4:00,2.735598
2024/11/21 4:15,2.378729
2024/11/21 4:30,2.041014
2024/11/21 4:45,1.7789
2024/11/21 5:00,1.708552
2024/11/21 5:15,1.654935
2024/11/21 5:30,1.714429
2024/11/21 5:45,1.777332
2024/11/21 6:00,1.971173
2024/11/21 6:15,2.226412
2024/11/21 6:30,2.414622
2024/11/21 6:45,2.748376
2024/11/21 7:00,3.096319
2024/11/21 7:15,3.476999
2024/11/21 7:30,3.838357
2024/11/21 7:45,4.218475
2024/11/21 8:00,4.555424
2024/11/21 8:15,4.865836
2024/11/21 8:30,5.234393
2024/11/21 8:45,5.484236
2024/11/21 9:00,5.72747
2024/11/21 9:15,5.742154
2024/11/21 9:30,5.771995
2024/11/21 9:45,5.728212
2024/11/21 10:00,5.670315
2024/11/21 10:15,5.349254
2024/11/21 10:30,5.160142
2024/11/21 10:45,4.811921
2024/11/21 11:00,4.562209
2024/11/21 11:15,4.263038
2024/11/21 11:30,3.899469
2024/11/21 11:45,3.507547
2024/11/21 12:00,3.193029
2024/11/21 12:15,2.832341
2024/11/21 12:30,2.604688
2024/11/21 12:45,2.399106
2024/11/21 13:00,2.224545
2024/11/21 13:15,2.134431
2024/11/21 13:30,2.04728
2024/11/21 13:45,2.040479
2024/11/21 14:00,2.058968
2024/11/21 14:15,2.206783
2024/11/21 14:30,2.329995
2024/11/21 14:45,2.552855
2024/11/21 15:00,2.768258
2024/11/21 15:15,3.034923
2024/11/21 15:30,3.250118
2024/11/21 15:45,3.743941
2024/11/21 16:00,3.960659
2024/11/21 16:15,4.329525
2024/11/21 16:30,4.714227
2024/11/21 16:45,5.099018
2024/11/21 17:00,5.55164
2024/11/21 17:15,5.851738
2024/11/21 17:30,6.23127
2024/11/21 17:45,6.511119
2024/11/21 18:00,6.778303
2024/11/21 18:15,6.996023
2024/11/21 18:30,7.235369
2024/11/21 18:45,7.291154
2024/11/21 19:00,7.266642
2024/11/21 19:15,7.24439
2024/11/21 19:30,7.205455
2024/11/21 19:45,6.918552
2024/11/21 20:00,6.792359
2024/11/21 20:15,6.53359
2024/11/21 20:30,6.261024
2024/11/21 20:45,5.822173
2024/11/21 21:00,5.641323
2024/11/21 21:15,5.258415
2024/11/21 21:30,4.921658
2024/11/21 21:45,4.674403
2024/11/21 22:00,4.429373
2024/11/21 22:15,4.27814
2024/11/21 22:30,4.272362
2024/11/21 22:45,4.318825
2024/11/21 23:00,4.458764
2024/11/21 23:15,4.730667
2024/11/21 23:30,5.13593
2024/11/21 23:45,5.62627
2024/11/22 0:00,6.193357
2024/11/22 0:15,6.811846
2024/11/22 0:30,7.287242
2024/11/22 0:45,7.93384
2024/11/22 1:00,8.257019
2024/11/22 1:15,8.520163
2024/11/22 1:30,8.530876
2024/11/22 1:45,8.428377
2024/11/22 2:00,7.996859
2024/11/22 2:15,7.485955
2024/11/22 2:30,6.875219
2024/11/22 2:45,6.18924
2024/11/22 3:00,5.360505
2024/11/22 3:15,4.649878
2024/11/22 3:30,3.92327
2024/11/22 3:45,3.392507
2024/11/22 4:00,2.785848
2024/11/22 4:15,2.398495
2024/11/22 4:30,2.041805
2024/11/22 4:45,1.784893
2024/11/22 5:00,1.708552
2024/11/22 5:15,1.654935
2024/11/22 5:30,1.714429
2024/11/22 5:45,1.770887
2024/11/22 6:00,1.971173
2024/11/22 6:15,2.226412
2024/11/22 6:30,2.396949
2024/11/22 6:45,2.75328
2024/11/22 7:00,3.076571
2024/11/22 7:15,3.468211
2024/11/22 7:30,3.838357
2024/11/22 7:45,4.197963
2024/11/22 8:00,4.541184
2024/11/22 8:15,4.860216
2024/11/22 8:30,5.20219
2024/11/22 8:45,5.538946
2024/11/22 9:00,5.716959
2024/11/22 9:15,5.742154
2024/11/22 9:30,5.754974
2024/11/22 9:45,5.716222
2024/11/22 10:00,5.675676
2024/11/22 10:15,5.350275
2024/11/22 10:30,5.130602
2024/11/22 10:45,4.77332
2024/11/22 11:00,4.422245
2024/11/22 11:15,4.218801
2024/11/22 11:30,3.841169
2024/11/22 11:45,3.520596
2024/11/22 12:00,3.17
2024/11/22 12:15,2.814333
2024/11/22 12:30,2.597666
2024/11/22 12:45,2.39727
2024/11/22 13:00,2.214124
2024/11/22 13:15,2.134431
2024/11/22 13:30,2.045815
2024/11/22 13:45,2.041727
2024/11/22 14:00,2.10052
2024/11/22 14:15,2.191776
2024/11/22 14:30,2.319892
2024/11/22 14:45,2.566123
2024/11/22 15:00,2.768818
2024/11/22 15:15,3.002671
2024/11/22 15:30,3.248305
2024/11/22 15:45,3.747247
2024/11/22 16:00,3.961517
2024/11/22 16:15,4.330868
2024/11/22 16:30,4.725902
2024/11/22 16:45,5.091559
2024/11/22 17:00,5.562867
2024/11/22 17:15,5.851738
2024/11/22 17:30,6.230868
2024/11/22 17:45,6.456722
2024/11/22 18:00,6.761153
2024/11/22 18:15,6.994527
2024/11/22 18:30,7.233953
2024/11/22 18:45,7.281788
2024/11/22 19:00,7.266642
2024/11/22 19:15,7.24439
2024/11/22 19:30,7.205455
2024/11/22 19:45,6.974239
2024/11/22 20:00,6.786677
2024/11/22 20:15,6.511225
2024/11/22 20:30,6.246855
2024/11/22 20:45,5.808162
2024/11/22 21:00,5.641323
2024/11/22 21:15,5.258415
2024/11/22 21:30,4.918644
2024/11/22 21:45,4.674403
2024/11/22 22:00,4.390073
2024/11/22 22:15,4.269257
2024/11/22 22:30,4.272362
2024/11/22 22:45,4.324661
2024/11/22 23:00,4.403826
2024/11/22 23:15,4.721174
2024/11/22 23:30,5.13593
2024/11/22 23:45,5.62627
2024/11/23 0:00,5.903958
2024/11/23 0:15,6.137193
2024/11/23 0:30,6.33502
2024/11/23 0:45,6.704005
2024/11/23 1:00,7.01127
2024/11/23 1:15,7.165172
2024/11/23 1:30,7.269661
2024/11/23 1:45,7.282724
2024/11/23 2:00,7.265633
2024/11/23 2:15,7.201876
2024/11/23 2:30,7.019471
2024/11/23 2:45,6.763666
2024/11/23 3:00,6.399468
2024/11/23 3:15,6.103641
2024/11/23 3:30,5.733732
2024/11/23 3:45,5.35942
2024/11/23 4:00,4.970107
2024/11/23 4:15,4.371655
2024/11/23 4:30,3.885614
2024/11/23 4:45,3.517334
2024/11/23 5:00,3.411671
2024/11/23 5:15,3.02811
2024/11/23 5:30,2.763326
2024/11/23 5:45,2.571459
2024/11/23 6:00,2.477256
2024/11/23 6:15,2.337295
2024/11/23 6:30,2.346733
2024/11/23 6:45,2.404702
2024/11/23 7:00,2.446298
2024/11/23 7:15,2.517596
2024/11/23 7:30,2.637668
2024/11/23 7:45,2.777351
2024/11/23 8:00,2.921537
2024/11/23 8:15,3.104724
2024/11/23 8:30,3.23306
2024/11/23 8:45,3.490172
2024/11/23 9:00,3.733263
2024/11/23 9:15,3.979743
2024/11/23 9:30,4.232641
2024/11/23 9:45,4.609522
2024/11/23 10:00,5.039749
2024/11/23 10:15,5.265919
2024/11/23 10:30,5.45484
2024/11/23 10:45,5.697852
2024/11/23 11:00,5.982461
2024/11/23 11:15,6.214116
2024/11/23 11:30,6.529363
2024/11/23 11:45,6.766476
2024/11/23 12:00,7.161026
2024/11/23 12:15,7.325034
2024/11/23 12:30,7.49011
2024/11/23 12:45,7.707697
2024/11/23 13:00,7.971053
2024/11/23 13:15,8.086981
2024/11/23 13:30,8.126296
2024/11/23 13:45,8.194858
2024/11/23 14:00,8.258351
2024/11/23 14:15,8.248428
2024/11/23 14:30,8.284669
2024/11/23 14:45,8.290922
2024/11/23 15:00,8.300955
2024/11/23 15:15,8.240243
2024/11/23 15:30,8.170322
2024/11/23 15:45,8.011212
2024/11/23 16:00,7.913987
2024/11/23 16:15,7.877861
2024/11/23 16:30,7.878085
2024/11/23 16:45,7.85953
2024/11/23 17:00,7.854957
2024/11/23 17:15,7.879868
2024/11/23 17:30,7.90336
2024/11/23 17:45,8.076593
2024/11/23 18:00,8.170364
2024/11/23 18:15,8.352901
2024/11/23 18:30,8.427838
2024/11/23 18:45,8.570893
2024/11/23 19:00,8.515848
2024/11/23 19:15,8.542168
2024/11/23 19:30,8.542168
2024/11/23 19:45,8.504802
2024/11/23 20:00,8.385608
2024/11/23 20:15,8.263017
2024/11/23 20:30,8.036272
2024/11/23 20:45,7.718386
2024/11/23 21:00,7.373659
2024/11/23 21:15,6.905761
2024/11/23 21:30,6.324237
2024/11/23 21:45,5.906819
2024/11/23 22:00,5.772129
2024/11/23 22:15,5.488189
2024/11/23 22:30,5.220366
2024/11/23 22:45,5.215774
2024/11/23 23:00,5.119725
2024/11/23 23:15,5.122075
2024/11/23 23:30,5.233647
2024/11/23 23:45,5.589239
2024/11/24 0:00,5.781619
2024/11/24 0:15,5.952674
2024/11/24 0:30,6.23368
2024/11/24 0:45,6.626145
2024/11/24 1:00,6.904703
2024/11/24 1:15,7.123935
2024/11/24 1:30,7.225983
2024/11/24 1:45,7.244902
2024/11/24 2:00,7.225868
2024/11/24 2:15,7.210577
2024/11/24 2:30,7.048457
2024/11/24 2:45,6.775473
2024/11/24 3:00,6.438926
2024/11/24 3:15,6.128292
2024/11/24 3:30,5.721629
2024/11/24 3:45,5.345147
2024/11/24 4:00,4.987971
2024/11/24 4:15,4.414589
2024/11/24 4:30,3.949694
2024/11/24 4:45,3.604768
2024/11/24 5:00,3.466262
2024/11/24 5:15,3.128544
2024/11/24 5:30,2.803505
2024/11/24 5:45,2.623944
2024/11/24 6:00,2.499437
2024/11/24 6:15,2.38604
2024/11/24 6:30,2.400379
2024/11/24 6:45,2.402023
2024/11/24 7:00,2.405281
2024/11/24 7:15,2.489825
2024/11/24 7:30,2.640199
2024/11/24 7:45,2.754616
2024/11/24 8:00,2.880549
2024/11/24 8:15,3.082583
2024/11/24 8:30,3.220641
2024/11/24 8:45,3.299305
2024/11/24 9:00,3.593257
2024/11/24 9:15,3.83352
2024/11/24 9:30,4.201018
2024/11/24 9:45,4.537416
2024/11/24 10:00,4.836264
2024/11/24 10:15,5.168548
2024/11/24 10:30,5.424499
2024/11/24 10:45,5.741604
2024/11/24 11:00,5.993069
2024/11/24 11:15,6.263325
2024/11/24 11:30,6.512214
2024/11/24 11:45,6.786652
2024/11/24 12:00,7.139225
2024/11/24 12:15,7.333861
2024/11/24 12:30,7.46297
2024/11/24 12:45,7.723508
2024/11/24 13:00,7.955729
2024/11/24 13:15,8.080724
2024/11/24 13:30,8.11824
2024/11/24 13:45,8.177748
2024/11/24 14:00,8.244224
2024/11/24 14:15,8.245335
2024/11/24 14:30,8.232117
2024/11/24 14:45,8.221219
2024/11/24 15:00,8.203686
2024/11/24 15:15,8.114615
2024/11/24 15:30,8.047276
2024/11/24 15:45,7.980242
2024/11/24 16:00,7.901581
2024/11/24 16:15,7.888949
2024/11/24 16:30,7.881333
2024/11/24 16:45,7.869411
2024/11/24 17:00,7.869522
2024/11/24 17:15,7.879857
2024/11/24 17:30,7.916533
2024/11/24 17:45,8.055091
2024/11/24 18:00,8.136279
2024/11/24 18:15,8.273399
2024/11/24 18:30,8.445244
2024/11/24 18:45,8.577048
2024/11/24 19:00,8.532816
2024/11/24 19:15,8.549725
2024/11/24 19:30,8.520995
2024/11/24 19:45,8.51359
2024/11/24 20:00,8.411258
2024/11/24 20:15,8.181665
2024/11/24 20:30,7.848864
2024/11/24 20:45,7.590284
2024/11/24 21:00,7.215695
2024/11/24 21:15,6.904657
2024/11/24 21:30,6.425137
2024/11/24 21:45,5.99259
2024/11/24 22:00,5.791542
2024/11/24 22:15,5.596281
2024/11/24 22:30,5.277002
2024/11/24 22:45,5.248727
2024/11/24 23:00,5.210867
2024/11/24 23:15,5.190451
2024/11/24 23:30,5.257404
2024/11/24 23:45,5.563281
2024/11/25 0:00,6.167871
2024/11/25 0:15,6.741634
2024/11/25 0:30,7.294027
2024/11/25 0:45,7.92264
2024/11/25 1:00,8.250641
2024/11/25 1:15,8.504313
2024/11/25 1:30,8.538519
2024/11/25 1:45,8.415208
2024/11/25 2:00,7.996268
2024/11/25 2:15,7.500476
2024/11/25 2:30,6.821871
2024/11/25 2:45,6.176195
2024/11/25 3:00,5.520952
2024/11/25 3:15,4.696485
2024/11/25 3:30,3.955067
2024/11/25 3:45,3.40351
2024/11/25 4:00,2.817016
2024/11/25 4:15,2.466295
2024/11/25 4:30,2.081832
2024/11/25 4:45,1.802202
2024/11/25 5:00,1.691208
2024/11/25 5:15,1.691652
2024/11/25 5:30,1.711264
2024/11/25 5:45,1.778355
2024/11/25 6:00,1.95306
2024/11/25 6:15,2.188986
2024/11/25 6:30,2.379392
2024/11/25 6:45,2.706404
2024/11/25 7:00,3.024655
2024/11/25 7:15,3.460026
2024/11/25 7:30,3.787955
2024/11/25 7:45,4.23454
2024/11/25 8:00,4.495912
2024/11/25 8:15,4.842861
2024/11/25 8:30,5.116661
2024/11/25 8:45,5.333262
2024/11/25 9:00,5.622195
2024/11/25 9:15,5.716394
2024/11/25 9:30,5.743844
2024/11/25 9:45,5.744873
2024/11/25 10:00,5.668841
2024/11/25 10:15,5.41844
2024/11/25 10:30,5.20402
2024/11/25 10:45,4.950653
2024/11/25 11:00,4.652261
2024/11/25 11:15,4.294226
2024/11/25 11:30,3.913441
2024/11/25 11:45,3.334271
2024/11/25 12:00,3.092536
2024/11/25 12:15,2.833044
2024/11/25 12:30,2.606481
2024/11/25 12:45,2.408146
2024/11/25 13:00,2.288909
2024/11/25 13:15,2.153919
2024/11/25 13:30,2.063957
2024/11/25 13:45,2.076428
2024/11/25 14:00,2.078742
2024/11/25 14:15,2.170926
2024/11/25 14:30,2.311656
2024/11/25 14:45,2.554585
2024/11/25 15:00,2.782552
2024/11/25 15:15,3.034097
2024/11/25 15:30,3.227529
2024/11/25 15:45,3.63983
2024/11/25 16:00,3.958964
2024/11/25 16:15,4.402724
2024/11/25 16:30,4.780724
2024/11/25 16:45,5.082936
2024/11/25 17:00,5.596859
2024/11/25 17:15,6.021454
2024/11/25 17:30,6.422656
2024/11/25 17:45,6.734323
2024/11/25 18:00,6.969283
2024/11/25 18:15,7.086734
2024/11/25 18:30,7.21116
2024/11/25 18:45,7.272601
2024/11/25 19:00,7.275809
2024/11/25 19:15,7.233282
2024/11/25 19:30,7.164735
2024/11/25 19:45,6.957692
2024/11/25 20:00,6.805961
2024/11/25 20:15,6.684139
2024/11/25 20:30,6.323199
2024/11/25 20:45,5.923841
2024/11/25 21:00,5.635068
2024/11/25 21:15,5.266465
2024/11/25 21:30,4.908685
2024/11/25 21:45,4.682548
2024/11/25 22:00,4.485108
2024/11/25 22:15,4.331954
2024/11/25 22:30,4.28601
2024/11/25 22:45,4.343845
2024/11/25 23:00,4.519482
2024/11/25 23:15,4.790464
2024/11/25 23:30,5.142845
2024/11/25 23:45,5.582173
2024/11/26 0:00,6.205782
2024/11/26 0:15,6.788451
2024/11/26 0:30,7.295829
2024/11/26 0:45,7.934483
2024/11/26 1:00,8.23517
2024/11/26 1:15,8.512807
2024/11/26 1:30,8.522079
2024/11/26 1:45,8.424409
2024/11/26 2:00,8.054419
2024/11/26 2:15,7.459728
2024/11/26 2:30,6.859405
2024/11/26 2:45,6.187516
2024/11/26 3:00,5.416681
2024/11/26 3:15,4.663394
2024/11/26 3:30,3.90737
2024/11/26 3:45,3.286844
2024/11/26 4:00,2.761861
2024/11/26 4:15,2.395777
2024/11/26 4:30,2.051141
2024/11/26 4:45,1.767769
2024/11/26 5:00,1.691906
2024/11/26 5:15,1.643916
2024/11/26 5:30,1.713246
2024/11/26 5:45,1.780417
2024/11/26 6:00,1.974554
2024/11/26 6:15,2.215459
2024/11/26 6:30,2.420305
2024/11/26 6:45,2.686717
2024/11/26 7:00,3.084087
2024/11/26 7:15,3.474828
2024/11/26 7:30,3.859629
2024/11/26 7:45,4.20987
2024/11/26 8:00,4.544925
2024/11/26 8:15,4.852719
2024/11/26 8:30,5.165799
2024/11/26 8:45,5.397862
2024/11/26 9:00,5.693599
2024/11/26 9:15,5.73019
2024/11/26 9:30,5.756578
2024/11/26 9:45,5.761646
2024/11/26 10:00,5.697478
2024/11/26 10:15,5.401506
2024/11/26 10:30,5.140218
2024/11/26 10:45,4.834238
2024/11/26 11:00,4.631688
2024/11/26 11:15,4.283185
2024/11/26 11:30,3.908625
2024/11/26 11:45,3.497269
2024/11/26 12:00,3.14805
2024/11/26 12:15,2.829581
2024/11/26 12:30,2.609057
2024/11/26 12:45,2.429995
2024/11/26 13:00,2.256118
2024/11/26 13:15,2.145498
2024/11/26 13:30,2.048563
2024/11/26 13:45,2.043131
2024/11/26 14:00,2.060781
2024/11/26 14:15,2.18798
2024/11/26 14:30,2.298096
2024/11/26 14:45,2.548276
2024/11/26 15:00,2.778127
2024/11/26 15:15,3.035345
2024/11/26 15:30,3.278103
2024/11/26 15:45,3.689079
2024/11/26 16:00,3.966397
2024/11/26 16:15,4.323971
2024/11/26 16:30,4.729664
2024/11/26 16:45,5.080065
2024/11/26 17:00,5.555475
2024/11/26 17:15,5.925668
2024/11/26 17:30,6.291531
2024/11/26 17:45,6.573181
2024/11/26 18:00,6.807185
2024/11/26 18:15,7.041181
2024/11/26 18:30,7.259295
2024/11/26 18:45,7.282623
2024/11/26 19:00,7.259745
2024/11/26 19:15,7.233312
2024/11/26 19:30,7.187939
2024/11/26 19:45,6.920306
2024/11/26 20:00,6.795753
2024/11/26 20:15,6.585168
2024/11/26 20:30,6.290655
2024/11/26 20:45,5.855422
2024/11/26 21:00,5.631596
2024/11/26 21:15,5.258815
2024/11/26 21:30,4.932315
2024/11/26 21:45,4.700846
2024/11/26 22:00,4.493522
2024/11/26 22:15,4.297775
2024/11/26 22:30,4.26902
2024/11/26 22:45,4.32302
2024/11/26 23:00,4.482066
2024/11/26 23:15,4.774874
2024/11/26 23:30,5.138619
2024/11/26 23:45,5.590405
2024/11/27 0:00,6.196202
2024/11/27 0:15,6.81001
2024/11/27 0:30,7.298674
2024/11/27 0:45,7.943679
2024/11/27 1:00,8.2117
2024/11/27 1:15,8.525705
2024/11/27 1:30,8.529512
2024/11/27 1:45,8.429383
2024/11/27 2:00,8.018492
2024/11/27 2:15,7.501632
2024/11/27 2:30,6.873591
2024/11/27 2:45,6.173979
2024/11/27 3:00,5.387368
2024/11/27 3:15,4.671309
2024/11/27 3:30,3.927724
2024/11/27 3:45,3.292914
2024/11/27 4:00,2.76967
2024/11/27 4:15,2.384046
2024/11/27 4:30,2.062122
2024/11/27 4:45,1.799812
2024/11/27 5:00,1.708073
2024/11/27 5:15,1.661926
2024/11/27 5:30,1.717635
2024/11/27 5:45,1.781103
2024/11/27 6:00,1.962763
2024/11/27 6:15,2.226295
2024/11/27 6:30,2.397312
2024/11/27 6:45,2.71199
2024/11/27 7:00,3.083541
2024/11/27 7:15,3.472049
2024/11/27 7:30,3.830871
2024/11/27 7:45,4.227291
2024/11/27 8:00,4.545808
2024/11/27 8:15,4.8642
2024/11/27 8:30,5.186527
2024/11/27 8:45,5.441193
2024/11/27 9:00,5.702089
2024/11/27 9:15,5.748581
2024/11/27 9:30,5.794005
2024/11/27 9:45,5.745758
2024/11/27 10:00,5.698976
2024/11/27 10:15,5.373093
2024/11/27 10:30,5.137789
2024/11/27 10:45,4.809317
2024/11/27 11:00,4.63253
2024/11/27 11:15,4.285532
2024/11/27 11:30,3.910913
2024/11/27 11:45,3.535849
2024/11/27 12:00,3.191971
2024/11/27 12:15,2.854551
2024/11/27 12:30,2.608017
2024/11/27 12:45,2.424587
2024/11/27 13:00,2.234951
2024/11/27 13:15,2.144816
2024/11/27 13:30,2.05091
2024/11/27 13:45,2.044109
2024/11/27 14:00,2.062598
2024/11/27 14:15,2.190556
2024/11/27 14:30,2.311686
2024/11/27 14:45,2.528957
2024/11/27 15:00,2.748594
2024/11/27 15:15,3.025912
2024/11/27 15:30,3.272573
2024/11/27 15:45,3.689497
2024/11/27 16:00,3.961828
2024/11/27 16:15,4.3294
2024/11/27 16:30,4.733309
2024/11/27 16:45,5.094793
2024/11/27 17:00,5.546142
2024/11/27 17:15,5.870206
2024/11/27 17:30,6.24263
2024/11/27 17:45,6.544927
2024/11/27 18:00,6.794143
2024/11/27 18:15,7.024688
2024/11/27 18:30,7.236932
2024/11/27 18:45,7.294423
2024/11/27 19:00,7.265692
2024/11/27 19:15,7.238244
2024/11/27 19:30,7.208724
2024/11/27 19:45,6.975092
2024/11/27 20:00,6.79416
2024/11/27 20:15,6.544434
2024/11/27 20:30,6.286958
2024/11/27 20:45,5.851793
2024/11/27 21:00,5.652598
2024/11/27 21:15,5.304803
2024/11/27 21:30,4.962873
2024/11/27 21:45,4.706032
2024/11/27 22:00,4.493361
2024/11/27 22:15,4.307875
2024/11/27 22:30,4.280908
2024/11/27 22:45,4.322532
2024/11/27 23:00,4.481578
2024/11/27 23:15,4.764839
2024/11/27 23:30,5.142874
2024/11/27 23:45,5.604451
2024/11/28 0:00,6.198534
2024/11/28 0:15,6.822137
2024/11/28 0:30,7.309496
2024/11/28 0:45,7.94654
2024/11/28 1:00,8.228071
2024/11/28 1:15,8.526147
2024/11/28 1:30,8.532462
2024/11/28 1:45,8.429311
2024/11/28 2:00,8.063607
2024/11/28 2:15,7.471922
2024/11/28 2:30,6.870513
2024/11/28 2:45,6.197292
2024/11/28 3:00,5.34844
2024/11/28 3:15,4.655777
2024/11/28 3:30,3.910365
2024/11/28 3:45,3.28517
2024/11/28 4:00,2.731535
2024/11/28 4:15,2.36883
2024/11/28 4:30,2.005746
2024/11/28 4:45,1.770148
2024/11/28 5:00,1.704844
2024/11/28 5:15,1.655298
2024/11/28 5:30,1.714792
2024/11/28 5:45,1.773392
2024/11/28 6:00,1.982406
2024/11/28 6:15,2.231537
2024/11/28 6:30,2.416905
2024/11/28 6:45,2.729082
2024/11/28 7:00,3.069031
2024/11/28 7:15,3.472049
2024/11/28 7:30,3.858742
2024/11/28 7:45,4.227291
2024/11/28 8:00,4.553704
2024/11/28 8:15,4.866279
2024/11/28 8:30,5.227722
2024/11/28 8:45,5.4836
2024/11/28 9:00,5.731462
2024/11/28 9:15,5.752444
2024/11/28 9:30,5.78106
2024/11/28 9:45,5.741768
2024/11/28 10:00,5.693286
2024/11/28 10:15,5.348262
2024/11/28 10:30,5.137789
2024/11/28 10:45,4.815896
2024/11/28 11:00,4.58094
2024/11/28 11:15,4.266977
2024/11/28 11:30,3.903925
2024/11/28 11:45,3.512003
2024/11/28 12:00,3.188967
2024/11/28 12:15,2.828278
2024/11/28 12:30,2.605664
2024/11/28 12:45,2.423143
2024/11/28 13:00,2.232855
2024/11/28 13:15,2.134794
2024/11/28 13:30,2.047643
2024/11/28 13:45,2.040842
2024/11/28 14:00,2.059331
2024/11/28 14:15,2.207146
2024/11/28 14:30,2.310705
2024/11/28 14:45,2.542969
2024/11/28 15:00,2.753649
2024/11/28 15:15,3.037521
2024/11/28 15:30,3.283576
2024/11/28 15:45,3.703389
2024/11/28 16:00,3.96253
2024/11/28 16:15,4.327161
2024/11/28 16:30,4.702094
2024/11/28 16:45,5.078328
2024/11/28 17:00,5.570954
2024/11/28 17:15,5.83814
2024/11/28 17:30,6.24156
2024/11/28 17:45,6.50918
2024/11/28 18:00,6.785449
2024/11/28 18:15,7.010169
2024/11/28 18:30,7.237303
2024/11/28 18:45,7.294423
2024/11/28 19:00,7.269911
2024/11/28 19:15,7.247659
2024/11/28 19:30,7.208724
2024/11/28 19:45,6.927224
2024/11/28 20:00,6.795629
2024/11/28 20:15,6.5318
2024/11/28 20:30,6.272981
2024/11/28 20:45,5.832908
2024/11/28 21:00,5.646757
2024/11/28 21:15,5.280318
2024/11/28 21:30,4.931414
2024/11/28 21:45,4.68147
2024/11/28 22:00,4.423443
2024/11/28 22:15,4.282471
2024/11/28 22:30,4.272053
2024/11/28 22:45,4.312895
2024/11/28 23:00,4.454525
2024/11/28 23:15,4.721588
2024/11/28 23:30,5.123469
2024/11/28 23:45,5.617197
2024/11/29 0:00,6.198534
2024/11/29 0:15,6.843297
2024/11/29 0:30,7.309496
2024/11/29 0:45,7.94654
2024/11/29 1:00,8.252941
2024/11/29 1:15,8.523795
2024/11/29 1:30,8.532462
2024/11/29 1:45,8.429963
2024/11/29 2:00,7.998444
2024/11/29 2:15,7.507664
2024/11/29 2:30,6.873009
2024/11/29 2:45,6.206665
2024/11/29 3:00,5.361081
2024/11/29 3:15,4.655777
2024/11/29 3:30,3.9221
2024/11/29 3:45,3.39457
2024/11/29 4:00,2.781785
2024/11/29 4:15,2.403399
2024/11/29 4:30,2.046709
2024/11/29 4:45,1.78362
2024/11/29 5:00,1.708915
2024/11/29 5:15,1.655298
2024/11/29 5:30,1.714792
2024/11/29 5:45,1.77125
2024/11/29 6:00,1.971536
2024/11/29 6:15,2.226775
2024/11/29 6:30,2.397781
2024/11/29 6:45,2.752022
2024/11/29 7:00,3.099288
2024/11/29 7:15,3.479062
2024/11/29 7:30,3.837187
2024/11/29 7:45,4.20678
2024/11/29 8:00,4.550251
2024/11/29 8:15,4.835627
2024/11/29 8:30,5.193706
2024/11/29 8:45,5.539574
2024/11/29 9:00,5.721254
2024/11/29 9:15,5.752444
2024/11/29 9:30,5.78106
2024/11/29 9:45,5.737124
2024/11/29 10:00,5.693286
2024/11/29 10:15,5.34447
2024/11/29 10:30,5.115408
2024/11/29 10:45,4.777296
2024/11/29 11:00,4.43611
2024/11/29 11:15,4.218955
2024/11/29 11:30,3.84304
2024/11/29 11:45,3.505772
2024/11/29 12:00,3.194901
2024/11/29 12:15,2.81027
2024/11/29 12:30,2.596407
2024/11/29 12:45,2.402854
2024/11/29 13:00,2.226382
2024/11/29 13:15,2.134794
2024/11/29 13:30,2.046178
2024/11/29 13:45,2.04209
2024/11/29 14:00,2.100883
2024/11/29 14:15,2.192139
2024/11/29 14:30,2.320255
2024/11/29 14:45,2.605729
2024/11/29 15:00,2.787276
2024/11/29 15:15,3.038762
2024/11/29 15:30,3.281763
2024/11/29 15:45,3.70984
2024/11/29 16:00,3.96253
2024/11/29 16:15,4.328504
2024/11/29 16:30,4.723187
2024/11/29 16:45,5.081672
2024/11/29 17:00,5.567163
2024/11/29 17:15,5.83814
2024/11/29 17:30,6.241159
2024/11/29 17:45,6.467267
2024/11/29 18:00,6.768298
2024/11/29 18:15,7.003169
2024/11/29 18:30,7.237303
2024/11/29 18:45,7.294423
2024/11/29 19:00,7.269911
2024/11/29 19:15,7.247659
2024/11/29 19:30,7.208724
2024/11/29 19:45,6.961402
2024/11/29 20:00,6.795629
2024/11/29 20:15,6.520041
2024/11/29 20:30,6.282346
2024/11/29 20:45,5.832908
2024/11/29 21:00,5.646757
2024/11/29 21:15,5.275004
2024/11/29 21:30,4.932448
2024/11/29 21:45,4.689216
2024/11/29 22:00,4.384143
2024/11/29 22:15,4.272041
2024/11/29 22:30,4.272053
2024/11/29 22:45,4.318731
2024/11/29 23:00,4.438109
2024/11/29 23:15,4.718228
2024/11/29 23:30,5.10679
2024/11/29 23:45,5.627087
2024/11/30 0:00,5.900413
2024/11/30 0:15,6.154378
2024/11/30 0:30,6.406769
2024/11/30 0:45,6.749271
2024/11/30 1:00,7.068797
2024/11/30 1:15,7.19229
2024/11/30 1:30,7.277643
2024/11/30 1:45,7.279249
2024/11/30 2:00,7.266229
2024/11/30 2:15,7.213571
2024/11/30 2:30,7.036364
2024/11/30 2:45,6.739981
2024/11/30 3:00,6.402947
2024/11/30 3:15,6.080447
2024/11/30 3:30,5.70008
2024/11/30 3:45,5.375703
2024/11/30 4:00,4.950302
2024/11/30 4:15,4.388759
2024/11/30 4:30,3.894947
2024/11/30 4:45,3.500065
2024/11/30 5:00,3.395796
2024/11/30 5:15,3.032484
2024/11/30 5:30,2.765918
2024/11/30 5:45,2.608055
2024/11/30 6:00,2.506077
2024/11/30 6:15,2.360856
2024/11/30 6:30,2.377695
2024/11/30 6:45,2.435188
2024/11/30 7:00,2.477934
2024/11/30 7:15,2.516545
2024/11/30 7:30,2.63373
2024/11/30 7:45,2.82139
2024/11/30 8:00,2.970472
2024/11/30 8:15,3.095942
2024/11/30 8:30,3.227999
2024/11/30 8:45,3.474938
2024/11/30 9:00,3.744956
2024/11/30 9:15,3.97423
2024/11/30 9:30,4.234373
2024/11/30 9:45,4.604635
2024/11/30 10:00,5.041534
2024/11/30 10:15,5.278013
2024/11/30 10:30,5.46402
2024/11/30 10:45,5.734519
2024/11/30 11:00,6.006739
2024/11/30 11:15,6.248347
2024/11/30 11:30,6.547019
2024/11/30 11:45,6.763906
2024/11/30 12:00,7.167289
2024/11/30 12:15,7.323528
2024/11/30 12:30,7.489197
2024/11/30 12:45,7.722748
2024/11/30 13:00,7.982635
2024/11/30 13:15,8.091274
2024/11/30 13:30,8.130581
2024/11/30 13:45,8.194618
2024/11/30 14:00,8.283594
2024/11/30 14:15,8.27672
2024/11/30 14:30,8.297774
2024/11/30 14:45,8.334034
2024/11/30 15:00,8.305729
2024/11/30 15:15,8.234763
2024/11/30 15:30,8.187147
2024/11/30 15:45,8.048239
2024/11/30 16:00,7.914761
2024/11/30 16:15,7.882483
2024/11/30 16:30,7.878858
2024/11/30 16:45,7.860303
2024/11/30 17:00,7.855731
2024/11/30 17:15,7.880642
2024/11/30 17:30,7.904133
2024/11/30 17:45,8.062969
2024/11/30 18:00,8.170436
2024/11/30 18:15,8.349313
2024/11/30 18:30,8.470624
2024/11/30 18:45,8.53576
2024/11/30 19:00,8.542168
2024/11/30 19:15,8.542168
2024/11/30 19:30,8.542168
2024/11/30 19:45,8.504802
2024/11/30 20:00,8.385608
2024/11/30 20:15,8.289577
2024/11/30 20:30,8.08467
2024/11/30 20:45,7.70864
2024/11/30 21:00,7.333298
2024/11/30 21:15,6.883898
2024/11/30 21:30,6.33715
2024/11/30 21:45,5.924209
2024/11/30 22:00,5.775977
2024/11/30 22:15,5.492038
2024/11/30 22:30,5.218621
2024/11/30 22:45,5.206194
2024/11/30 23:00,5.142976
2024/11/30 23:15,5.133054
2024/11/30 23:30,5.204308
2024/11/30 23:45,5.567713
2024/12/1 0:00,5.766979
2024/12/1 0:15,5.966311
2024/12/1 0:30,6.234786
2024/12/1 0:45,6.608254
2024/12/1 1:00,6.884759
2024/12/1 1:15,7.110234
2024/12/1 1:30,7.21683
2024/12/1 1:45,7.231451
2024/12/1 2:00,7.200003
2024/12/1 2:15,7.194712
2024/12/1 2:30,7.04723
2024/12/1 2:45,6.738246
2024/12/1 3:00,6.421724
2024/12/1 3:15,6.028164
2024/12/1 3:30,5.657545
2024/12/1 3:45,5.29425
2024/12/1 4:00,4.956122
2024/12/1 4:15,4.45335
2024/12/1 4:30,3.977338
2024/12/1 4:45,3.579655
2024/12/1 5:00,3.456678
2024/12/1 5:15,3.129123
2024/12/1 5:30,2.813455
2024/12/1 5:45,2.618042
2024/12/1 6:00,2.497777
2024/12/1 6:15,2.414049
2024/12/1 6:30,2.400641
2024/12/1 6:45,2.391335
2024/12/1 7:00,2.396886
2024/12/1 7:15,2.485365
2024/12/1 7:30,2.602852
2024/12/1 7:45,2.75003
2024/12/1 8:00,2.862634
2024/12/1 8:15,3.05806
2024/12/1 8:30,3.198982
2024/12/1 8:45,3.296146
2024/12/1 9:00,3.624642
2024/12/1 9:15,3.85694
2024/12/1 9:30,4.187838
2024/12/1 9:45,4.516121
2024/12/1 10:00,4.827823
2024/12/1 10:15,5.181453
2024/12/1 10:30,5.404902
2024/12/1 10:45,5.718489
2024/12/1 11:00,5.97694
2024/12/1 11:15,6.238816
2024/12/1 11:30,6.479803
2024/12/1 11:45,6.732939
2024/12/1 12:00,7.117783
2024/12/1 12:15,7.300121
2024/12/1 12:30,7.455408
2024/12/1 12:45,7.702043
2024/12/1 13:00,7.931919
2024/12/1 13:15,8.057523
2024/12/1 13:30,8.087391
2024/12/1 13:45,8.126644
2024/12/1 14:00,8.174901
2024/12/1 14:15,8.169471
2024/12/1 14:30,8.141653
2024/12/1 14:45,8.129592
2024/12/1 15:00,8.112023
2024/12/1 15:15,8.027781
2024/12/1 15:30,8.009964
2024/12/1 15:45,7.953416
2024/12/1 16:00,7.868503
2024/12/1 16:15,7.855604
2024/12/1 16:30,7.851438
2024/12/1 16:45,7.847319
2024/12/1 17:00,7.84743
2024/12/1 17:15,7.887056
2024/12/1 17:30,7.910675
2024/12/1 17:45,8.039462
2024/12/1 18:00,8.114816
2024/12/1 18:15,8.219652
2024/12/1 18:30,8.371749
2024/12/1 18:45,8.478852
2024/12/1 19:00,8.515148
2024/12/1 19:15,8.508618
2024/12/1 19:30,8.509089
2024/12/1 19:45,8.477552
2024/12/1 20:00,8.368863
2024/12/1 20:15,8.154356
2024/12/1 20:30,7.818533
2024/12/1 20:45,7.563217
2024/12/1 21:00,7.181437
2024/12/1 21:15,6.837826
2024/12/1 21:30,6.4041
2024/12/1 21:45,5.953682
2024/12/1 22:00,5.682794
2024/12/1 22:15,5.49906
2024/12/1 22:30,5.223502
2024/12/1 22:45,5.204866
2024/12/1 23:00,5.18969
2024/12/1 23:15,5.177963
2024/12/1 23:30,5.231145
2024/12/1 23:45,5.547519
2024/12/2 0:00,6.175113
2024/12/2 0:15,6.707632
2024/12/2 0:30,7.273148
2024/12/2 0:45,7.896807
2024/12/2 1:00,8.241722
2024/12/2 1:15,8.481376
2024/12/2 1:30,8.52479
2024/12/2 1:45,8.409389
2024/12/2 2:00,8.020085
2024/12/2 2:15,7.473945
2024/12/2 2:30,6.810266
2024/12/2 2:45,6.159065
2024/12/2 3:00,5.500431
2024/12/2 3:15,4.660099
2024/12/2 3:30,3.940962
2024/12/2 3:45,3.39842
2024/12/2 4:00,2.807975
2024/12/2 4:15,2.458265
2024/12/2 4:30,2.043831
2024/12/2 4:45,1.751848
2024/12/2 5:00,1.67771
2024/12/2 5:15,1.666849
2024/12/2 5:30,1.698274
2024/12/2 5:45,1.756221
2024/12/2 6:00,1.926649
2024/12/2 6:15,2.192961
2024/12/2 6:30,2.357203
2024/12/2 6:45,2.698889
2024/12/2 7:00,3.004716
2024/12/2 7:15,3.431346
2024/12/2 7:30,3.80856
2024/12/2 7:45,4.266595
2024/12/2 8:00,4.505056
2024/12/2 8:15,4.792766
2024/12/2 8:30,5.071674
2024/12/2 8:45,5.305669
2024/12/2 9:00,5.573755
2024/12/2 9:15,5.676334
2024/12/2 9:30,5.721768
2024/12/2 9:45,5.712972
2024/12/2 10:00,5.634347
2024/12/2 10:15,5.400395
2024/12/2 10:30,5.162314
2024/12/2 10:45,4.901143
2024/12/2 11:00,4.624694
2024/12/2 11:15,4.302815
2024/12/2 11:30,3.886893
2024/12/2 11:45,3.384099
2024/12/2 12:00,3.099108
2024/12/2 12:15,2.821297
2024/12/2 12:30,2.580018
2024/12/2 12:45,2.379864
2024/12/2 13:00,2.266639
2024/12/2 13:15,2.145576
2024/12/2 13:30,2.046813
2024/12/2 13:45,2.037778
2024/12/2 14:00,2.044036
2024/12/2 14:15,2.136711
2024/12/2 14:30,2.300306
2024/12/2 14:45,2.526452
2024/12/2 15:00,2.732
2024/12/2 15:15,3.000174
2024/12/2 15:30,3.231458
2024/12/2 15:45,3.619858
2024/12/2 16:00,3.909665
2024/12/2 16:15,4.376286
2024/12/2 16:30,4.737844
2024/12/2 16:45,5.048349
2024/12/2 17:00,5.575847
2024/12/2 17:15,5.983874
2024/12/2 17:30,6.355872
2024/12/2 17:45,6.693843
2024/12/2 18:00,6.923241
2024/12/2 18:15,7.090515
2024/12/2 18:30,7.191956
2024/12/2 18:45,7.283765
2024/12/2 19:00,7.270469
2024/12/2 19:15,7.224333
2024/12/2 19:30,7.191264
2024/12/2 19:45,6.965287
2024/12/2 20:00,6.777938
2024/12/2 20:15,6.654196
2024/12/2 20:30,6.307903
2024/12/2 20:45,5.905011
2024/12/2 21:00,5.631284
2024/12/2 21:15,5.278748
2024/12/2 21:30,4.906915
2024/12/2 21:45,4.656008
2024/12/2 22:00,4.468157
2024/12/2 22:15,4.30468
2024/12/2 22:30,4.272954
2024/12/2 22:45,4.322948
2024/12/2 23:00,4.449499
2024/12/2 23:15,4.736119
2024/12/2 23:30,5.086418
2024/12/2 23:45,5.547835
2024/12/3 0:00,6.149465
2024/12/3 0:15,6.776096
2024/12/3 0:30,7.291571
2024/12/3 0:45,7.918785
2024/12/3 1:00,8.218778
2024/12/3 1:15,8.520265
2024/12/3 1:30,8.528025
2024/12/3 1:45,8.438433
2024/12/3 2:00,8.066968
2024/12/3 2:15,7.473815
2024/12/3 2:30,6.843769
2024/12/3 2:45,6.183621
2024/12/3 3:00,5.411895
2024/12/3 3:15,4.650259
2024/12/3 3:30,3.901628
2024/12/3 3:45,3.278864
2024/12/3 4:00,2.771191
2024/12/3 4:15,2.37821
2024/12/3 4:30,2.056149
2024/12/3 4:45,1.808996
2024/12/3 5:00,1.703258
2024/12/3 5:15,1.64681
2024/12/3 5:30,1.720464
2024/12/3 5:45,1.771715
2024/12/3 6:00,1.963969
2024/12/3 6:15,2.220244
2024/12/3 6:30,2.400835
2024/12/3 6:45,2.703454
2024/12/3 7:00,3.071419
2024/12/3 7:15,3.453688
2024/12/3 7:30,3.855079
2024/12/3 7:45,4.178069
2024/12/3 8:00,4.528123
2024/12/3 8:15,4.810847
2024/12/3 8:30,5.164084
2024/12/3 8:45,5.374428
2024/12/3 9:00,5.645477
2024/12/3 9:15,5.718596
2024/12/3 9:30,5.741361
2024/12/3 9:45,5.73283
2024/12/3 10:00,5.659247
2024/12/3 10:15,5.403519
2024/12/3 10:30,5.126636
2024/12/3 10:45,4.792975
2024/12/3 11:00,4.579464
2024/12/3 11:15,4.255571
2024/12/3 11:30,3.890341
2024/12/3 11:45,3.493698
2024/12/3 12:00,3.136571
2024/12/3 12:15,2.821615
2024/12/3 12:30,2.589434
2024/12/3 12:45,2.387282
2024/12/3 13:00,2.255747
2024/12/3 13:15,2.134215
2024/12/3 13:30,2.041555
2024/12/3 13:45,2.034922
2024/12/3 14:00,2.048044
2024/12/3 14:15,2.152142
2024/12/3 14:30,2.298046
2024/12/3 14:45,2.545216
2024/12/3 15:00,2.750928
2024/12/3 15:15,3.020946
2024/12/3 15:30,3.263362
2024/12/3 15:45,3.682315
2024/12/3 16:00,3.958854
2024/12/3 16:15,4.315251
2024/12/3 16:30,4.71432
2024/12/3 16:45,5.048747
2024/12/3 17:00,5.542735
2024/12/3 17:15,5.885193
2024/12/3 17:30,6.227953
2024/12/3 17:45,6.559645
2024/12/3 18:00,6.805175
2024/12/3 18:15,7.050602
2024/12/3 18:30,7.201399
2024/12/3 18:45,7.284881
2024/12/3 19:00,7.253022
2024/12/3 19:15,7.225574
2024/12/3 19:30,7.191707
2024/12/3 19:45,6.927534
2024/12/3 20:00,6.771374
2024/12/3 20:15,6.562894
2024/12/3 20:30,6.270798
2024/12/3 20:45,5.842201
2024/12/3 21:00,5.632901
2024/12/3 21:15,5.261353
2024/12/3 21:30,4.949399
2024/12/3 21:45,4.688224
2024/12/3 22:00,4.45721
2024/12/3 22:15,4.292972
2024/12/3 22:30,4.259659
2024/12/3 22:45,4.31639
2024/12/3 23:00,4.439239
2024/12/3 23:15,4.737674
2024/12/3 23:30,5.086907
2024/12/3 23:45,5.578275
2024/12/4 0:00,6.145663
2024/12/4 0:15,6.778479
2024/12/4 0:30,7.288152
2024/12/4 0:45,7.926853
2024/12/4 1:00,8.221067
2024/12/4 1:15,8.513968
2024/12/4 1:30,8.535225
2024/12/4 1:45,8.440804
2024/12/4 2:00,8.019388
2024/12/4 2:15,7.508864
2024/12/4 2:30,6.859357
2024/12/4 2:45,6.173807
2024/12/4 3:00,5.373714
2024/12/4 3:15,4.661346
2024/12/4 3:30,3.915368
2024/12/4 3:45,3.270837
2024/12/4 4:00,2.772988
2024/12/4 4:15,2.385079
2024/12/4 4:30,2.08522
2024/12/4 4:45,1.810909
2024/12/4 5:00,1.727789
2024/12/4 5:15,1.671117
2024/12/4 5:30,1.720089
2024/12/4 5:45,1.777739
2024/12/4 6:00,1.956951
2024/12/4 6:15,2.214033
2024/12/4 6:30,2.394103
2024/12/4 6:45,2.705281
2024/12/4 7:00,3.067724
2024/12/4 7:15,3.450974
2024/12/4 7:30,3.829808
2024/12/4 7:45,4.186256
2024/12/4 8:00,4.526244
2024/12/4 8:15,4.825744
2024/12/4 8:30,5.169246
2024/12/4 8:45,5.389395
2024/12/4 9:00,5.689119
2024/12/4 9:15,5.719512
2024/12/4 9:30,5.74856
2024/12/4 9:45,5.731679
2024/12/4 10:00,5.665997
2024/12/4 10:15,5.351769
2024/12/4 10:30,5.109279
2024/12/4 10:45,4.752887
2024/12/4 11:00,4.569765
2024/12/4 11:15,4.286397
2024/12/4 11:30,3.903178
2024/12/4 11:45,3.525856
2024/12/4 12:00,3.197204
2024/12/4 12:15,2.878856
2024/12/4 12:30,2.619678
2024/12/4 12:45,2.416113
2024/12/4 13:00,2.260059
2024/12/4 13:15,2.146288
2024/12/4 13:30,2.057282
2024/12/4 13:45,2.062926
2024/12/4 14:00,2.076047
2024/12/4 14:15,2.165423
2024/12/4 14:30,2.288886
2024/12/4 14:45,2.534564
2024/12/4 15:00,2.744601
2024/12/4 15:15,3.022512
2024/12/4 15:30,3.26737
2024/12/4 15:45,3.687393
2024/12/4 16:00,3.956131
2024/12/4 16:15,4.31829
2024/12/4 16:30,4.707941
2024/12/4 16:45,5.051786
2024/12/4 17:00,5.545834
2024/12/4 17:15,5.854491
2024/12/4 17:30,6.203276
2024/12/4 17:45,6.520789
2024/12/4 18:00,6.768013
2024/12/4 18:15,7.031147
2024/12/4 18:30,7.232077
2024/12/4 18:45,7.283823
2024/12/4 19:00,7.259311
2024/12/4 19:15,7.227644
2024/12/4 19:30,7.198124
2024/12/4 19:45,6.967813
2024/12/4 20:00,6.774124
2024/12/4 20:15,6.545263
2024/12/4 20:30,6.276231
2024/12/4 20:45,5.819412
2024/12/4 21:00,5.637764
2024/12/4 21:15,5.292945
2024/12/4 21:30,4.94616
2024/12/4 21:45,4.690078
2024/12/4 22:00,4.45705
2024/12/4 22:15,4.303073
2024/12/4 22:30,4.264765
2024/12/4 22:45,4.315902
2024/12/4 23:00,4.409679
2024/12/4 23:15,4.732055
2024/12/4 23:30,5.092425
2024/12/4 23:45,5.598256
2024/12/5 0:00,6.147995
2024/12/5 0:15,6.790431
2024/12/5 0:30,7.279786
2024/12/5 0:45,7.913585
2024/12/5 1:00,8.21248
2024/12/5 1:15,8.519426
2024/12/5 1:30,8.534772
2024/12/5 1:45,8.443754
2024/12/5 2:00,8.065154
2024/12/5 2:15,7.479874
2024/12/5 2:30,6.88132
2024/12/5 2:45,6.200316
2024/12/5 3:00,5.344764
2024/12/5 3:15,4.651758
2024/12/5 3:30,3.908417
2024/12/5 3:45,3.280642
2024/12/5 4:00,2.739138
2024/12/5 4:15,2.380404
2024/12/5 4:30,2.041494
2024/12/5 4:45,1.77846
2024/12/5 5:00,1.720003
2024/12/5 5:15,1.663508
2024/12/5 5:30,1.715986
2024/12/5 5:45,1.768767
2024/12/5 6:00,1.962613
2024/12/5 6:15,2.217419
2024/12/5 6:30,2.392184
2024/12/5 6:45,2.734003
2024/12/5 7:00,3.069771
2024/12/5 7:15,3.450974
2024/12/5 7:30,3.851364
2024/12/5 7:45,4.179208
2024/12/5 8:00,4.530481
2024/12/5 8:15,4.854246
2024/12/5 8:30,5.180933
2024/12/5 8:45,5.39227
2024/12/5 9:00,5.701991
2024/12/5 9:15,5.728007
2024/12/5 9:30,5.745171
2024/12/5 9:45,5.727689
2024/12/5 10:00,5.662007
2024/12/5 10:15,5.346235
2024/12/5 10:30,5.109279
2024/12/5 10:45,4.739566
2024/12/5 11:00,4.556634
2024/12/5 11:15,4.252576
2024/12/5 11:30,3.860574
2024/12/5 11:45,3.499186
2024/12/5 12:00,3.193657
2024/12/5 12:15,2.81982
2024/12/5 12:30,2.595674
2024/12/5 12:45,2.374915
2024/12/5 13:00,2.220617
2024/12/5 13:15,2.145035
2024/12/5 13:30,2.053932
2024/12/5 13:45,2.045414
2024/12/5 14:00,2.052232
2024/12/5 14:15,2.188848
2024/12/5 14:30,2.290769
2024/12/5 14:45,2.546833
2024/12/5 15:00,2.749065
2024/12/5 15:15,3.021547
2024/12/5 15:30,3.264591
2024/12/5 15:45,3.690638
2024/12/5 16:00,3.954662
2024/12/5 16:15,4.323253
2024/12/5 16:30,4.683928
2024/12/5 16:45,5.057634
2024/12/5 17:00,5.543131
2024/12/5 17:15,5.817631
2024/12/5 17:30,6.171348
2024/12/5 17:45,6.49467
2024/12/5 18:00,6.763131
2024/12/5 18:15,7.008831
2024/12/5 18:30,7.228277
2024/12/5 18:45,7.283823
2024/12/5 19:00,7.259311
2024/12/5 19:15,7.237059
2024/12/5 19:30,7.194851
2024/12/5 19:45,6.925394
2024/12/5 20:00,6.778103
2024/12/5 20:15,6.528469
2024/12/5 20:30,6.263973
2024/12/5 20:45,5.81748
2024/12/5 21:00,5.62765
2024/12/5 21:15,5.267813
2024/12/5 21:30,4.957226
2024/12/5 21:45,4.678291
2024/12/5 22:00,4.404905
2024/12/5 22:15,4.276162
2024/12/5 22:30,4.265488
2024/12/5 22:45,4.3184
2024/12/5 23:00,4.42733
2024/12/5 23:15,4.711503
2024/12/5 23:30,5.080424
2024/12/5 23:45,5.588995
2024/12/6 0:00,6.151831
2024/12/6 0:15,6.797276
2024/12/6 0:30,7.28663
2024/12/6 0:45,7.916329
2024/12/6 1:00,8.227811
2024/12/6 1:15,8.507379
2024/12/6 1:30,8.533304
2024/12/6 1:45,8.445308
2024/12/6 2:00,8.020093
2024/12/6 2:15,7.496386
2024/12/6 2:30,6.868291
2024/12/6 2:45,6.185412
2024/12/6 3:00,5.355773
2024/12/6 3:15,4.65286
2024/12/6 3:30,3.924632
2024/12/6 3:45,3.397149
2024/12/6 4:00,2.797375
2024/12/6 4:15,2.408156
2024/12/6 4:30,2.051598
2024/12/6 4:45,1.790291
2024/12/6 5:00,1.723504
2024/12/6 5:15,1.663508
2024/12/6 5:30,1.715986
2024/12/6 5:45,1.768962
2024/12/6 6:00,1.965897
2024/12/6 6:15,2.196238
2024/12/6 6:30,2.352087
2024/12/6 6:45,2.725787
2024/12/6 7:00,3.053896
2024/12/6 7:15,3.441702
2024/12/6 7:30,3.832812
2024/12/6 7:45,4.18926
2024/12/6 8:00,4.533485
2024/12/6 8:15,4.831626
2024/12/6 8:30,5.175839
2024/12/6 8:45,5.453664
2024/12/6 9:00,5.711235
2024/12/6 9:15,5.736947
2024/12/6 9:30,5.752916
2024/12/6 9:45,5.72582
2024/12/6 10:00,5.670947
2024/12/6 10:15,5.339207
2024/12/6 10:30,5.090142
2024/12/6 10:45,4.733294
2024/12/6 11:00,4.420303
2024/12/6 11:15,4.215591
2024/12/6 11:30,3.847334
2024/12/6 11:45,3.525495
2024/12/6 12:00,3.198035
2024/12/6 12:15,2.838411
2024/12/6 12:30,2.608417
2024/12/6 12:45,2.413265
2024/12/6 13:00,2.254237
2024/12/6 13:15,2.158107
2024/12/6 13:30,2.05583
2024/12/6 13:45,2.065176
2024/12/6 14:00,2.113546
2024/12/6 14:15,2.180061
2024/12/6 14:30,2.291451
2024/12/6 14:45,2.554372
2024/12/6 15:00,2.763839
2024/12/6 15:15,3.021359
2024/12/6 15:30,3.264403
2024/12/6 15:45,3.689569
2024/12/6 16:00,3.954474
2024/12/6 16:15,4.323065
2024/12/6 16:30,4.704832
2024/12/6 16:45,5.057446
2024/12/6 17:00,5.544457
2024/12/6 17:15,5.818957
2024/12/6 17:30,6.162391
2024/12/6 17:45,6.446977
2024/12/6 18:00,6.756987
2024/12/6 18:15,6.99493
2024/12/6 18:30,7.228277
2024/12/6 18:45,7.28087
2024/12/6 19:00,7.259311
2024/12/6 19:15,7.237059
2024/12/6 19:30,7.198124
2024/12/6 19:45,6.947408
2024/12/6 20:00,6.778103
2024/12/6 20:15,6.523647
2024/12/6 20:30,6.263532
2024/12/6 20:45,5.818994
2024/12/6 21:00,5.629164
2024/12/6 21:15,5.264014
2024/12/6 21:30,4.956639
2024/12/6 21:45,4.679805
2024/12/6 22:00,4.344574
2024/12/6 22:15,4.262961
2024/12/6 22:30,4.262272
2024/12/6 22:45,4.315167
2024/12/6 23:00,4.404545
2024/12/6 23:15,4.701334
2024/12/6 23:30,5.081427
2024/12/6 23:45,5.578949
2024/12/7 0:00,5.905188
2024/12/7 0:15,6.150679
2024/12/7 0:30,6.432768
2024/12/7 0:45,6.761368
2024/12/7 1:00,7.086732
2024/12/7 1:15,7.180714
2024/12/7 1:30,7.281613
2024/12/7 1:45,7.286828
2024/12/7 2:00,7.261774
2024/12/7 2:15,7.203543
2024/12/7 2:30,7.015697
2024/12/7 2:45,6.667556
2024/12/7 3:00,6.380587
2024/12/7 3:15,6.01936
2024/12/7 3:30,5.610617
2024/12/7 3:45,5.282535
2024/12/7 4:00,4.922318
2024/12/7 4:15,4.42976
2024/12/7 4:30,3.914034
2024/12/7 4:45,3.496914
2024/12/7 5:00,3.360333
2024/12/7 5:15,3.02962
2024/12/7 5:30,2.754692
2024/12/7 5:45,2.562247
2024/12/7 6:00,2.448248
2024/12/7 6:15,2.339327
2024/12/7 6:30,2.351758
2024/12/7 6:45,2.377441
2024/12/7 7:00,2.467069
2024/12/7 7:15,2.514953
2024/12/7 7:30,2.620413
2024/12/7 7:45,2.766969
2024/12/7 8:00,3.001245
2024/12/7 8:15,3.129143
2024/12/7 8:30,3.222517
2024/12/7 8:45,3.483984
2024/12/7 9:00,3.748356
2024/12/7 9:15,3.970516
2024/12/7 9:30,4.216859
2024/12/7 9:45,4.580367
2024/12/7 10:00,4.980551
2024/12/7 10:15,5.228528
2024/12/7 10:30,5.412724
2024/12/7 10:45,5.710614
2024/12/7 11:00,5.953408
2024/12/7 11:15,6.220967
2024/12/7 11:30,6.513532
2024/12/7 11:45,6.738563
2024/12/7 12:00,7.132869
2024/12/7 12:15,7.295295
2024/12/7 12:30,7.480913
2024/12/7 12:45,7.69971
2024/12/7 13:00,7.978985
2024/12/7 13:15,8.08939
2024/12/7 13:30,8.122017
2024/12/7 13:45,8.158059
2024/12/7 14:00,8.26529
2024/12/7 14:15,8.282227
2024/12/7 14:30,8.307145
2024/12/7 14:45,8.30597
2024/12/7 15:00,8.306459
2024/12/7 15:15,8.230564
2024/12/7 15:30,8.197901
2024/12/7 15:45,8.084792
2024/12/7 16:00,7.915491
2024/12/7 16:15,7.879364
2024/12/7 16:30,7.879588
2024/12/7 16:45,7.862836
2024/12/7 17:00,7.858263
2024/12/7 17:15,7.881372
2024/12/7 17:30,7.897843
2024/12/7 17:45,8.056929
2024/12/7 18:00,8.166939
2024/12/7 18:15,8.349642
2024/12/7 18:30,8.436733
2024/12/7 18:45,8.564326
2024/12/7 19:00,8.522177
2024/12/7 19:15,8.548497
2024/12/7 19:30,8.524255
2024/12/7 19:45,8.511946
2024/12/7 20:00,8.400822
2024/12/7 20:15,8.285591
2024/12/7 20:30,8.104725
2024/12/7 20:45,7.722506
2024/12/7 21:00,7.36671
2024/12/7 21:15,6.916265
2024/12/7 21:30,6.386507
2024/12/7 21:45,5.90468
2024/12/7 22:00,5.7617
2024/12/7 22:15,5.476816
2024/12/7 22:30,5.212505
2024/12/7 22:45,5.173072
2024/12/7 23:00,5.1628
2024/12/7 23:15,5.122947
2024/12/7 23:30,5.217373
2024/12/7 23:45,5.563787
2024/12/8 0:00,5.7797
2024/12/8 0:15,6.021944
2024/12/8 0:30,6.271715
2024/12/8 0:45,6.648455
2024/12/8 1:00,6.943424
2024/12/8 1:15,7.14916
2024/12/8 1:30,7.236513
2024/12/8 1:45,7.2521
2024/12/8 2:00,7.228079
2024/12/8 2:15,7.186877
2024/12/8 2:30,7.015916
2024/12/8 2:45,6.739422
2024/12/8 3:00,6.428298
2024/12/8 3:15,6.02126
2024/12/8 3:30,5.628792
2024/12/8 3:45,5.26832
2024/12/8 4:00,4.922836
2024/12/8 4:15,4.496184
2024/12/8 4:30,3.974676
2024/12/8 4:45,3.581457
2024/12/8 5:00,3.442138
2024/12/8 5:15,3.138809
2024/12/8 5:30,2.803301
2024/12/8 5:45,2.622949
2024/12/8 6:00,2.529845
2024/12/8 6:15,2.396565
2024/12/8 6:30,2.396597
2024/12/8 6:45,2.398056
2024/12/8 7:00,2.404231
2024/12/8 7:15,2.477538
2024/12/8 7:30,2.598337
2024/12/8 7:45,2.759588
2024/12/8 8:00,2.876986
2024/12/8 8:15,3.10336
2024/12/8 8:30,3.218674
2024/12/8 8:45,3.308582
2024/12/8 9:00,3.637407
2024/12/8 9:15,3.875789
2024/12/8 9:30,4.208593
2024/12/8 9:45,4.512654
2024/12/8 10:00,4.809997
2024/12/8 10:15,5.188181
2024/12/8 10:30,5.436045
2024/12/8 10:45,5.725534
2024/12/8 11:00,5.955314
2024/12/8 11:15,6.242478
2024/12/8 11:30,6.458562
2024/12/8 11:45,6.746614
2024/12/8 12:00,7.138309
2024/12/8 12:15,7.329892
2024/12/8 12:30,7.454023
2024/12/8 12:45,7.700343
2024/12/8 13:00,7.947456
2024/12/8 13:15,8.074437
2024/12/8 13:30,8.114028
2024/12/8 13:45,8.118375
2024/12/8 14:00,8.160544
2024/12/8 14:15,8.168142
2024/12/8 14:30,8.140446
2024/12/8 14:45,8.1354
2024/12/8 15:00,8.116184
2024/12/8 15:15,8.077294
2024/12/8 15:30,8.019968
2024/12/8 15:45,7.980586
2024/12/8 16:00,7.897315
2024/12/8 16:15,7.880581
2024/12/8 16:30,7.876932
2024/12/8 16:45,7.872813
2024/12/8 17:00,7.872924
2024/12/8 17:15,7.891328
2024/12/8 17:30,7.93236
2024/12/8 17:45,8.071565
2024/12/8 18:00,8.119997
2024/12/8 18:15,8.213182
2024/12/8 18:30,8.405503
2024/12/8 18:45,8.580711
2024/12/8 19:00,8.541864
2024/12/8 19:15,8.555878
2024/12/8 19:30,8.527147
2024/12/8 19:45,8.519742
2024/12/8 20:00,8.409653
2024/12/8 20:15,8.183529
2024/12/8 20:30,7.85583
2024/12/8 20:45,7.587792
2024/12/8 21:00,7.1823
2024/12/8 21:15,6.846544
2024/12/8 21:30,6.435773
2024/12/8 21:45,5.956408
2024/12/8 22:00,5.677901
2024/12/8 22:15,5.463106
2024/12/8 22:30,5.251013
2024/12/8 22:45,5.229242
2024/12/8 23:00,5.219853
2024/12/8 23:15,5.214214
2024/12/8 23:30,5.268718
2024/12/8 23:45,5.584937
2024/12/9 0:00,6.192518
2024/12/9 0:15,6.735377
2024/12/9 0:30,7.295277
2024/12/9 0:45,7.898488
2024/12/9 1:00,8.227021
2024/12/9 1:15,8.503377
2024/12/9 1:30,8.530768
2024/12/9 1:45,8.417512
2024/12/9 2:00,8.01433
2024/12/9 2:15,7.465757
2024/12/9 2:30,6.802879
2024/12/9 2:45,6.121404
2024/12/9 3:00,5.492581
2024/12/9 3:15,4.67794
2024/12/9 3:30,3.962476
2024/12/9 3:45,3.412522
2024/12/9 4:00,2.814851
2024/12/9 4:15,2.467579
2024/12/9 4:30,2.052163
2024/12/9 4:45,1.763738
2024/12/9 5:00,1.685848
2024/12/9 5:15,1.672379
2024/12/9 5:30,1.709411
2024/12/9 5:45,1.766577
2024/12/9 6:00,1.943485
2024/12/9 6:15,2.187133
2024/12/9 6:30,2.372339
2024/12/9 6:45,2.734261
2024/12/9 7:00,3.014084
2024/12/9 7:15,3.459908
2024/12/9 7:30,3.787788
2024/12/9 7:45,4.297668
2024/12/9 8:00,4.514726
2024/12/9 8:15,4.808093
2024/12/9 8:30,5.091212
2024/12/9 8:45,5.321657
2024/12/9 9:00,5.569432
2024/12/9 9:15,5.674023
2024/12/9 9:30,5.734326
2024/12/9 9:45,5.733041
2024/12/9 10:00,5.668933
2024/12/9 10:15,5.425883
2024/12/9 10:30,5.170919
2024/12/9 10:45,4.8704
2024/12/9 11:00,4.644371
2024/12/9 11:15,4.333708
2024/12/9 11:30,3.945753
2024/12/9 11:45,3.482381
2024/12/9 12:00,3.118661
2024/12/9 12:15,2.828997
2024/12/9 12:30,2.62692
2024/12/9 12:45,2.411584
2024/12/9 13:00,2.288741
2024/12/9 13:15,2.153752
2024/12/9 13:30,2.062381
2024/12/9 13:45,2.070508
2024/12/9 14:00,2.079751
2024/12/9 14:15,2.15629
2024/12/9 14:30,2.283594
2024/12/9 14:45,2.549618
2024/12/9 15:00,2.790886
2024/12/9 15:15,3.036537
2024/12/9 15:30,3.226059
2024/12/9 15:45,3.631534
2024/12/9 16:00,3.920105
2024/12/9 16:15,4.350721
2024/12/9 16:30,4.738797
2024/12/9 16:45,5.071925
2024/12/9 17:00,5.589971
2024/12/9 17:15,6.005082
2024/12/9 17:30,6.340698
2024/12/9 17:45,6.726442
2024/12/9 18:00,6.967637
2024/12/9 18:15,7.12277
2024/12/9 18:30,7.226631
2024/12/9 18:45,7.303803
2024/12/9 19:00,7.27551
2024/12/9 19:15,7.223656
2024/12/9 19:30,7.175132
2024/12/9 19:45,6.986967
2024/12/9 20:00,6.805831
2024/12/9 20:15,6.668806
2024/12/9 20:30,6.327214
2024/12/9 20:45,5.920593
2024/12/9 21:00,5.647451
2024/12/9 21:15,5.324932
2024/12/9 21:30,4.931609
2024/12/9 21:45,4.684146
2024/12/9 22:00,4.447879
2024/12/9 22:15,4.346266
2024/12/9 22:30,4.277652
2024/12/9 22:45,4.349451
2024/12/9 23:00,4.498148
2024/12/9 23:15,4.766507
2024/12/9 23:30,5.116966
2024/12/9 23:45,5.569279
2024/12/10 0:00,6.199684
2024/12/10 0:15,6.800431
2024/12/10 0:30,7.2931
2024/12/10 0:45,7.944323
2024/12/10 1:00,8.229124
2024/12/10 1:15,8.517137
2024/12/10 1:30,8.524196
2024/12/10 1:45,8.426526
2024/12/10 2:00,8.079144
2024/12/10 2:15,7.454867
2024/12/10 2:30,6.827616
2024/12/10 2:45,6.1708
2024/12/10 3:00,5.41773
2024/12/10 3:15,4.653854
2024/12/10 3:30,3.908405
2024/12/10 3:45,3.292102
2024/12/10 4:00,2.757821
2024/12/10 4:15,2.362464
2024/12/10 4:30,2.024045
2024/12/10 4:45,1.763271
2024/12/10 5:00,1.692452
2024/12/10 5:15,1.639505
2024/12/10 5:30,1.712651
2024/12/10 5:45,1.775519
2024/12/10 6:00,1.957114
2024/12/10 6:15,2.224327
2024/12/10 6:30,2.424374
2024/12/10 6:45,2.686187
2024/12/10 7:00,3.080081
2024/12/10 7:15,3.470822
2024/12/10 7:30,3.863525
2024/12/10 7:45,4.177393
2024/12/10 8:00,4.543755
2024/12/10 8:15,4.836742
2024/12/10 8:30,5.160038
2024/12/10 8:45,5.390515
2024/12/10 9:00,5.677262
2024/12/10 9:15,5.732888
2024/12/10 9:30,5.753647
2024/12/10 9:45,5.74305
2024/12/10 10:00,5.684217
2024/12/10 10:15,5.381617
2024/12/10 10:30,5.117346
2024/12/10 10:45,4.791317
2024/12/10 11:00,4.595547
2024/12/10 11:15,4.280103
2024/12/10 11:30,3.905138
2024/12/10 11:45,3.510111
2024/12/10 12:00,3.141795
2024/12/10 12:15,2.823803
2024/12/10 12:30,2.6186
2024/12/10 12:45,2.42539
2024/12/10 13:00,2.268172
2024/12/10 13:15,2.145287
2024/12/10 13:30,2.048352
2024/12/10 13:45,2.04292
2024/12/10 14:00,2.057607
2024/12/10 14:15,2.187769
2024/12/10 14:30,2.289172
2024/12/10 14:45,2.548065
2024/12/10 15:00,2.77035
2024/12/10 15:15,3.045537
2024/12/10 15:30,3.277138
2024/12/10 15:45,3.699342
2024/12/10 16:00,3.96293
2024/12/10 16:15,4.331169
2024/12/10 16:30,4.719691
2024/12/10 16:45,5.076546
2024/12/10 17:00,5.548528
2024/12/10 17:15,5.917786
2024/12/10 17:30,6.227208
2024/12/10 17:45,6.558272
2024/12/10 18:00,6.81277
2024/12/10 18:15,7.054387
2024/12/10 18:30,7.223053
2024/12/10 18:45,7.286252
2024/12/10 19:00,7.259534
2024/12/10 19:15,7.231559
2024/12/10 19:30,7.198219
2024/12/10 19:45,6.920688
2024/12/10 20:00,6.79309
2024/12/10 20:15,6.585455
2024/12/10 20:30,6.283239
2024/12/10 20:45,5.841519
2024/12/10 21:00,5.63921
2024/12/10 21:15,5.264037
2024/12/10 21:30,4.955815
2024/12/10 21:45,4.688266
2024/12/10 22:00,4.434702
2024/12/10 22:15,4.293359
2024/12/10 22:30,4.262716
2024/12/10 22:45,4.319797
2024/12/10 23:00,4.451545
2024/12/10 23:15,4.737116
2024/12/10 23:30,5.095754
2024/12/10 23:45,5.582877
2024/12/11 0:00,6.192117
2024/12/11 0:15,6.799719
2024/12/11 0:30,7.288129
2024/12/11 0:45,7.953209
2024/12/11 1:00,8.226763
2024/12/11 1:15,8.519565
2024/12/11 1:30,8.527926
2024/12/11 1:45,8.425427
2024/12/11 2:00,8.016907
2024/12/11 2:15,7.493789
2024/12/11 2:30,6.866197
2024/12/11 2:45,6.18286
2024/12/11 3:00,5.380246
2024/12/11 3:15,4.658864
2024/12/11 3:30,3.922149
2024/12/11 3:45,3.278967
2024/12/11 4:00,2.763452
2024/12/11 4:15,2.370151
2024/12/11 4:30,2.033995
2024/12/11 4:45,1.769602
2024/12/11 5:00,1.716356
2024/12/11 5:15,1.663185
2024/12/11 5:30,1.718893
2024/12/11 5:45,1.782362
2024/12/11 6:00,1.9624
2024/12/11 6:15,2.230667
2024/12/11 6:30,2.401684
2024/12/11 6:45,2.701889
2024/12/11 7:00,3.079702
2024/12/11 7:15,3.468211
2024/12/11 7:30,3.859913
2024/12/11 7:45,4.194842
2024/12/11 8:00,4.538625
2024/12/11 8:15,4.83431
2024/12/11 8:30,5.19687
2024/12/11 8:45,5.426988
2024/12/11 9:00,5.701936
2024/12/11 9:15,5.743899
2024/12/11 9:30,5.76503
2024/12/11 9:45,5.732202
2024/12/11 10:00,5.681366
2024/12/11 10:15,5.343895
2024/12/11 10:30,5.09432
2024/12/11 10:45,4.755417
2024/12/11 11:00,4.593271
2024/12/11 11:15,4.287129
2024/12/11 11:30,3.901857
2024/12/11 11:45,3.507917
2024/12/11 12:00,3.191533
2024/12/11 12:15,2.848838
2024/12/11 12:30,2.604534
2024/12/11 12:45,2.394092
2024/12/11 13:00,2.250071
2024/12/11 13:15,2.139097
2024/12/11 13:30,2.05444
2024/12/11 13:45,2.047639
2024/12/11 14:00,2.063166
2024/12/11 14:15,2.191124
2024/12/11 14:30,2.321937
2024/12/11 14:45,2.558628
2024/12/11 15:00,2.788928
2024/12/11 15:15,3.047008
2024/12/11 15:30,3.278981
2024/12/11 15:45,3.705631
2024/12/11 16:00,3.962843
2024/12/11 16:15,4.331082
2024/12/11 16:30,4.721747
2024/12/11 16:45,5.085697
2024/12/11 17:00,5.568032
2024/12/11 17:15,5.865911
2024/12/11 17:30,6.236685
2024/12/11 17:45,6.539926
2024/12/11 18:00,6.78834
2024/12/11 18:15,7.031444
2024/12/11 18:30,7.225126
2024/12/11 18:45,7.291154
2024/12/11 19:00,7.262423
2024/12/11 19:15,7.234975
2024/12/11 19:30,7.205455
2024/12/11 19:45,6.966421
2024/12/11 20:00,6.790891
2024/12/11 20:15,6.541165
2024/12/11 20:30,6.280524
2024/12/11 20:45,5.8284
2024/12/11 21:00,5.649133
2024/12/11 21:15,5.30109
2024/12/11 21:30,4.960246
2024/12/11 21:45,4.692271
2024/12/11 22:00,4.407565
2024/12/11 22:15,4.298011
2024/12/11 22:30,4.2767
2024/12/11 22:45,4.321404
2024/12/11 23:00,4.427821
2024/12/11 23:15,4.737275
2024/12/11 23:30,5.106115
2024/12/11 23:45,5.595231
2024/12/12 0:00,6.185727
2024/12/12 0:15,6.811846
2024/12/12 0:30,7.287242
2024/12/12 0:45,7.944955
2024/12/12 1:00,8.210197
2024/12/12 1:15,8.525023
2024/12/12 1:30,8.530876
2024/12/12 1:45,8.428377
2024/12/12 2:00,8.080411
2024/12/12 2:15,7.46473
2024/12/12 2:30,6.874418
2024/12/12 2:45,6.188535
2024/12/12 3:00,5.348516
2024/12/12 3:15,4.649878
2024/12/12 3:30,3.911535
2024/12/12 3:45,3.283107
2024/12/12 4:00,2.735598
2024/12/12 4:15,2.378729
2024/12/12 4:30,2.03946
2024/12/12 4:45,1.7789
2024/12/12 5:00,1.715577
2024/12/12 5:15,1.654935
2024/12/12 5:30,1.714429
2024/12/12 5:45,1.773029
2024/12/12 6:00,1.958305
2024/12/12 6:15,2.227055
2024/12/12 6:30,2.421277
2024/12/12 6:45,2.725232
2024/12/12 7:00,3.084072
2024/12/12 7:15,3.468211
2024/12/12 7:30,3.859913
2024/12/12 7:45,4.200818
2024/12/12 8:00,4.553887
2024/12/12 8:15,4.860714
2024/12/12 8:30,5.217047
2024/12/12 8:45,5.46458
2024/12/12 9:00,5.710905
2024/12/12 9:15,5.740206
2024/12/12 9:30,5.754974
2024/12/12 9:45,5.720866
2024/12/12 10:00,5.677376
2024/12/12 10:15,5.344741
2024/12/12 10:30,5.096794
2024/12/12 10:45,4.722674
2024/12/12 11:00,4.519946
2024/12/12 11:15,4.262213
2024/12/12 11:30,3.877305
2024/12/12 11:45,3.507547
2024/12/12 12:00,3.193029
2024/12/12 12:15,2.832341
2024/12/12 12:30,2.606031
2024/12/12 12:45,2.410013
2024/12/12 13:00,2.242265
2024/12/12 13:15,2.133944
2024/12/12 13:30,2.04728
2024/12/12 13:45,2.040479
2024/12/12 14:00,2.056006
2024/12/12 14:15,2.186246
2024/12/12 14:30,2.312954
2024/12/12 14:45,2.569761
2024/12/12 15:00,2.768818
2024/12/12 15:15,3.045327
2024/12/12 15:30,3.282321
2024/12/12 15:45,3.70728
2024/12/12 16:00,3.960659
2024/12/12 16:15,4.332788
2024/12/12 16:30,4.714227
2024/12/12 16:45,5.079443
2024/12/12 17:00,5.55164
2024/12/12 17:15,5.833845
2024/12/12 17:30,6.200943
2024/12/12 17:45,6.50466
2024/12/12 18:00,6.778303
2024/12/12 18:15,7.018938
2024/12/12 18:30,7.239408
2024/12/12 18:45,7.291154
2024/12/12 19:00,7.266642
2024/12/12 19:15,7.234975
2024/12/12 19:30,7.201109
2024/12/12 19:45,6.918552
2024/12/12 20:00,6.792359
2024/12/12 20:15,6.53359
2024/12/12 20:30,6.260598
2024/12/12 20:45,5.827474
2024/12/12 21:00,5.641323
2024/12/12 21:15,5.275511
2024/12/12 21:30,4.955739
2024/12/12 21:45,4.677446
2024/12/12 22:00,4.377095
2024/12/12 22:15,4.277971
2024/12/12 22:30,4.272362
2024/12/12 22:45,4.324661
2024/12/12 23:00,4.414967
2024/12/12 23:15,4.700081
2024/12/12 23:30,5.103413
2024/12/12 23:45,5.610552
2024/12/13 0:00,6.185727
2024/12/13 0:15,6.811846
2024/12/13 0:30,7.287242
2024/12/13 0:45,7.944955
2024/12/13 1:00,8.226486
2024/12/13 1:15,8.522515
2024/12/13 1:30,8.530876
2024/12/13 1:45,8.428377
2024/12/13 2:00,8.016907
2024/12/13 2:15,7.495397
2024/12/13 2:30,6.874182
2024/12/13 2:45,6.177235
2024/12/13 3:00,5.363099
2024/12/13 3:15,4.653462
2024/12/13 3:30,3.926846
2024/12/13 3:45,3.397601
2024/12/13 4:00,2.785848
2024/12/13 4:15,2.398495
2024/12/13 4:30,2.041805
2024/12/13 4:45,1.787229
2024/12/13 5:00,1.715577
2024/12/13 5:15,1.654935
2024/12/13 5:30,1.714429
2024/12/13 5:45,1.770887
2024/12/13 6:00,1.971173
2024/12/13 6:15,2.197667
2024/12/13 6:30,2.362647
2024/12/13 6:45,2.743414
2024/12/13 7:00,3.096319
2024/12/13 7:15,3.485557
2024/12/13 7:30,3.838357
2024/12/13 7:45,4.197963
2024/12/13 8:00,4.555424
2024/12/13 8:15,4.82803
2024/12/13 8:30,5.214501
2024/12/13 8:45,5.478081
2024/12/13 9:00,5.72747
2024/12/13 9:15,5.740206
2024/12/13 9:30,5.754974
2024/12/13 9:45,5.720866
2024/12/13 10:00,5.675676
2024/12/13 10:15,5.344741
2024/12/13 10:30,5.074154
2024/12/13 10:45,4.709077
2024/12/13 11:00,4.392854
2024/12/13 11:15,4.204985
2024/12/13 11:30,3.842108
2024/12/13 11:45,3.497454
2024/12/13 12:00,3.196605
2024/12/13 12:15,2.851474
2024/12/13 12:30,2.609606
2024/12/13 12:45,2.415612
2024/12/13 13:00,2.240681
2024/12/13 13:15,2.14075
2024/12/13 13:30,2.054594
2024/12/13 13:45,2.047276
2024/12/13 14:00,2.103106
2024/12/13 14:15,2.188832
2024/12/13 14:30,2.330119
2024/12/13 14:45,2.56228
2024/12/13 15:00,2.773518
2024/12/13 15:15,3.050078
2024/12/13 15:30,3.291733
2024/12/13 15:45,3.70728
2024/12/13 16:00,3.961517
2024/12/13 16:15,4.332788
2024/12/13 16:30,4.704809
2024/12/13 16:45,5.083877
2024/12/13 17:00,5.55164
2024/12/13 17:15,5.833845
2024/12/13 17:30,6.17692
2024/12/13 17:45,6.465023
2024/12/13 18:00,6.763182
2024/12/13 18:15,6.999599
2024/12/13 18:30,7.238668
2024/12/13 18:45,7.284375
2024/12/13 19:00,7.269229
2024/12/13 19:15,7.246976
2024/12/13 19:30,7.208041
2024/12/13 19:45,6.927053
2024/12/13 20:00,6.787287
2024/12/13 20:15,6.523697
2024/12/13 20:30,6.261443
2024/12/13 20:45,5.830061
2024/12/13 21:00,5.644899
2024/12/13 21:15,5.263839
2024/12/13 21:30,4.959062
2024/12/13 21:45,4.681022
2024/12/13 22:00,4.351869
2024/12/13 22:15,4.269845
2024/12/13 22:30,4.275938
2024/12/13 22:45,4.322401
2024/12/13 23:00,4.418543
2024/12/13 23:15,4.701783
2024/12/13 23:30,5.099388
2024/12/13 23:45,5.610552
2024/12/14 0:00,5.916213
2024/12/14 0:15,6.152247
2024/12/14 0:30,6.431199
2024/12/14 0:45,6.810145
2024/12/14 1:00,7.128313
2024/12/14 1:15,7.246925
2024/12/14 1:30,7.315879
2024/12/14 1:45,7.281018
2024/12/14 2:00,7.260106
2024/12/14 2:15,7.212802
2024/12/14 2:30,7.032371
2024/12/14 2:45,6.693051
2024/12/14 3:00,6.364419
2024/12/14 3:15,5.969593
2024/12/14 3:30,5.582828
2024/12/14 3:45,5.229868
2024/12/14 4:00,4.884108
2024/12/14 4:15,4.432379
2024/12/14 4:30,3.928641
2024/12/14 4:45,3.517108
2024/12/14 5:00,3.316609
2024/12/14 5:15,3.006263
2024/12/14 5:30,2.741753
2024/12/14 5:45,2.553013
2024/12/14 6:00,2.476321
2024/12/14 6:15,2.337295
2024/12/14 6:30,2.346733
2024/12/14 6:45,2.401791
2024/12/14 7:00,2.464005
2024/12/14 7:15,2.520911
2024/12/14 7:30,2.646371
2024/12/14 7:45,2.820579
2024/12/14 8:00,3.05459
2024/12/14 8:15,3.144106
2024/12/14 8:30,3.23086
2024/12/14 8:45,3.491967
2024/12/14 9:00,3.748019
2024/12/14 9:15,3.979743
2024/12/14 9:30,4.232641
2024/12/14 9:45,4.609522
2024/12/14 10:00,5.011888
2024/12/14 10:15,5.231195
2024/12/14 10:30,5.432035
2024/12/14 10:45,5.727949
2024/12/14 11:00,5.950264
2024/12/14 11:15,6.215519
2024/12/14 11:30,6.524139
2024/12/14 11:45,6.739368
2024/12/14 12:00,7.155158
2024/12/14 12:15,7.325034
2024/12/14 12:30,7.442714
2024/12/14 12:45,7.681656
2024/12/14 13:00,7.976576
2024/12/14 13:15,8.086981
2024/12/14 13:30,8.112984
2024/12/14 13:45,8.134049
2024/12/14 14:00,8.261182
2024/12/14 14:15,8.268149
2024/12/14 14:30,8.305641
2024/12/14 14:45,8.30616
2024/12/14 15:00,8.309353
2024/12/14 15:15,8.23399
2024/12/14 15:30,8.201326
2024/12/14 15:45,8.101027
2024/12/14 16:00,7.913987
2024/12/14 16:15,7.877861
2024/12/14 16:30,7.878085
2024/12/14 16:45,7.85953
2024/12/14 17:00,7.854957
2024/12/14 17:15,7.879868
2024/12/14 17:30,7.90336
2024/12/14 17:45,8.055426
2024/12/14 18:00,8.170364
2024/12/14 18:15,8.353067
2024/12/14 18:30,8.427838
2024/12/14 18:45,8.570893
2024/12/14 19:00,8.515848
2024/12/14 19:15,8.542168
2024/12/14 19:30,8.542168
2024/12/14 19:45,8.504802
2024/12/14 20:00,8.385608
2024/12/14 20:15,8.283273
2024/12/14 20:30,8.102407
2024/12/14 20:45,7.718386
2024/12/14 21:00,7.380043
2024/12/14 21:15,6.909575
2024/12/14 21:30,6.401839
2024/12/14 21:45,5.905145
2024/12/14 22:00,5.766898
2024/12/14 22:15,5.488189
2024/12/14 22:30,5.220366
2024/12/14 22:45,5.215774
2024/12/14 23:00,5.197988
2024/12/14 23:15,5.134047
2024/12/14 23:30,5.219372
2024/12/14 23:45,5.591491
2024/12/15 0:00,5.783505
2024/12/15 0:15,6.029934
2024/12/15 0:30,6.302584
2024/12/15 0:45,6.655346
2024/12/15 1:00,6.953159
2024/12/15 1:15,7.124266
2024/12/15 1:30,7.229871
2024/12/15 1:45,7.24879
2024/12/15 2:00,7.228378
2024/12/15 2:15,7.169333
2024/12/15 2:30,7.015773
2024/12/15 2:45,6.739721
2024/12/15 3:00,6.40778
2024/12/15 3:15,5.957811
2024/12/15 3:30,5.607021
2024/12/15 3:45,5.249289
2024/12/15 4:00,4.881137
2024/12/15 4:15,4.533933
2024/12/15 4:30,3.99823
2024/12/15 4:45,3.607929
2024/12/15 5:00,3.444698
2024/12/15 5:15,3.139585
2024/12/15 5:30,2.815275
2024/12/15 5:45,2.623153
2024/12/15 6:00,2.491797
2024/12/15 6:15,2.383399
2024/12/15 6:30,2.396805
2024/12/15 6:45,2.397768
2024/12/15 7:00,2.40396
2024/12/15 7:15,2.493598
2024/12/15 7:30,2.612341
2024/12/15 7:45,2.788953
2024/12/15 8:00,2.911339
2024/12/15 8:15,3.080407
2024/12/15 8:30,3.220641
2024/12/15 8:45,3.308109
2024/12/15 9:00,3.628418
2024/12/15 9:15,3.86044
2024/12/15 9:30,4.206404
2024/12/15 9:45,4.52478
2024/12/15 10:00,4.829523
2024/12/15 10:15,5.191306
2024/12/15 10:30,5.453912
2024/12/15 10:45,5.739738
2024/12/15 11:00,5.94723
2024/12/15 11:15,6.247295
2024/12/15 11:30,6.462794
2024/12/15 11:45,6.747843
2024/12/15 12:00,7.137652
2024/12/15 12:15,7.333861
2024/12/15 12:30,7.46297
2024/12/15 12:45,7.725901
2024/12/15 13:00,7.955729
2024/12/15 13:15,8.080724
2024/12/15 13:30,8.110592
2024/12/15 13:45,8.114769
2024/12/15 14:00,8.148534
2024/12/15 14:15,8.172184
2024/12/15 14:30,8.140745
2024/12/15 14:45,8.1357
2024/12/15 15:00,8.116483
2024/12/15 15:15,8.084362
2024/12/15 15:30,8.020267
2024/12/15 15:45,7.992975
2024/12/15 16:00,7.920054
2024/12/15 16:15,7.884982
2024/12/15 16:30,7.881333
2024/12/15 16:45,7.877214
2024/12/15 17:00,7.877325
2024/12/15 17:15,7.891627
2024/12/15 17:30,7.932659
2024/12/15 17:45,8.078634
2024/12/15 18:00,8.125224
2024/12/15 18:15,8.236925
2024/12/15 18:30,8.419966
2024/12/15 18:45,8.58101
2024/12/15 19:00,8.535712
2024/12/15 19:15,8.549725
2024/12/15 19:30,8.520995
2024/12/15 19:45,8.51359
2024/12/15 20:00,8.411258
2024/12/15 20:15,8.210378
2024/12/15 20:30,7.872635
2024/12/15 20:45,7.590284
2024/12/15 21:00,7.180436
2024/12/15 21:15,6.850734
2024/12/15 21:30,6.446956
2024/12/15 21:45,5.957274
2024/12/15 22:00,5.681671
2024/12/15 22:15,5.437726
2024/12/15 22:30,5.23976
2024/12/15 22:45,5.24488
2024/12/15 23:00,5.237009
2024/12/15 23:15,5.208026
2024/12/15 23:30,5.272038
2024/12/15 23:45,5.598807
2024/12/16 0:00,6.198922
2024/12/16 0:15,6.736813
2024/12/16 0:30,7.295576
2024/12/16 0:45,7.898787
2024/12/16 1:00,8.22732
2024/12/16 1:15,8.506669
2024/12/16 1:30,8.528464
2024/12/16 1:45,8.415208
2024/12/16 2:00,8.016315
2024/12/16 2:15,7.472316
2024/12/16 2:30,6.804864
2024/12/16 2:45,6.103626
2024/12/16 3:00,5.431204
2024/12/16 3:15,4.663108
2024/12/16 3:30,3.965738
2024/12/16 3:45,3.424751
2024/12/16 4:00,2.817313
2024/12/16 4:15,2.469469
2024/12/16 4:30,2.069382
2024/12/16 4:45,1.798695
2024/12/16 5:00,1.682463
2024/12/16 5:15,1.674232
2024/12/16 5:30,1.711264
2024/12/16 5:45,1.776152
2024/12/16 6:00,1.95306
2024/12/16 6:15,2.188986
2024/12/16 6:30,2.372506
2024/12/16 6:45,2.755221
2024/12/16 7:00,3.02563
2024/12/16 7:15,3.455899
2024/12/16 7:30,3.787955
2024/12/16 7:45,4.280373
2024/12/16 8:00,4.515731
2024/12/16 8:15,4.80418
2024/12/16 8:30,5.0662
2024/12/16 8:45,5.328618
2024/12/16 9:00,5.593386
2024/12/16 9:15,5.677853
2024/12/16 9:30,5.740998
2024/12/16 9:45,5.739106
2024/12/16 10:00,5.674646
2024/12/16 10:15,5.423841
2024/12/16 10:30,5.221779
2024/12/16 10:45,4.888937
2024/12/16 11:00,4.647517
2024/12/16 11:15,4.331436
2024/12/16 11:30,3.967158
2024/12/16 11:45,3.494319
2024/12/16 12:00,3.119437
2024/12/16 12:15,2.829202
2024/12/16 12:30,2.606481
2024/12/16 12:45,2.413284
2024/12/16 13:00,2.291566
2024/12/16 13:15,2.153919
2024/12/16 13:30,2.063957
2024/12/16 13:45,2.072084
2024/12/16 14:00,2.082881
2024/12/16 14:15,2.170159
2024/12/16 14:30,2.30604
2024/12/16 14:45,2.541847
2024/12/16 15:00,2.7742
2024/12/16 15:15,3.047107
2024/12/16 15:30,3.225091
2024/12/16 15:45,3.631702
2024/12/16 16:00,3.92652
2024/12/16 16:15,4.358925
2024/12/16 16:30,4.747469
2024/12/16 16:45,5.082936
2024/12/16 17:00,5.596859
2024/12/16 17:15,6.009194
2024/12/16 17:30,6.343728
2024/12/16 17:45,6.728311
2024/12/16 18:00,7.026567
2024/12/16 18:15,7.143649
2024/12/16 18:30,7.248789
2024/12/16 18:45,7.302725
2024/12/16 19:00,7.266394
2024/12/16 19:15,7.233282
2024/12/16 19:30,7.175431
2024/12/16 19:45,6.983995
2024/12/16 20:00,6.800279
2024/12/16 20:15,6.674859
2024/12/16 20:30,6.317161
2024/12/16 20:45,5.923841
2024/12/16 21:00,5.650957
2024/12/16 21:15,5.339774
2024/12/16 21:30,4.985913
2024/12/16 21:45,4.676373
2024/12/16 22:00,4.449455
2024/12/16 22:15,4.340596
2024/12/16 22:30,4.28601
2024/12/16 22:45,4.339332
2024/12/16 23:00,4.521532
2024/12/16 23:15,4.803197
2024/12/16 23:30,5.140593
2024/12/16 23:45,5.591141
2024/12/17 0:00,6.188502
2024/12/17 0:15,6.7813
2024/12/17 0:30,7.296854
2024/12/17 0:45,7.932637
2024/12/17 1:00,8.232011
2024/12/17 1:15,8.514361
2024/12/17 1:30,8.518818
2024/12/17 1:45,8.429012
2024/12/17 2:00,8.080997
2024/12/17 2:15,7.467634
2024/12/17 2:30,6.833346
2024/12/17 2:45,6.149952
2024/12/17 3:00,5.372328
2024/12/17 3:15,4.658554
2024/12/17 3:30,3.911534
2024/12/17 3:45,3.290964
2024/12/17 4:00,2.765072
2024/12/17 4:15,2.41315
2024/12/17 4:30,2.056187
2024/12/17 4:45,1.808194
2024/12/17 5:00,1.70535
2024/12/17 5:15,1.651237
2024/12/17 5:30,1.719426
2024/12/17 5:45,1.782294
2024/12/17 6:00,1.966245
2024/12/17 6:15,2.249406
2024/12/17 6:30,2.427974
2024/12/17 6:45,2.694215
2024/12/17 7:00,3.08517
2024/12/17 7:15,3.484699
2024/12/17 7:30,3.847169
2024/12/17 7:45,4.201921
2024/12/17 8:00,4.555446
2024/12/17 8:15,4.83043
2024/12/17 8:30,5.167143
2024/12/17 8:45,5.40072
2024/12/17 9:00,5.68094
2024/12/17 9:15,5.731341
2024/12/17 9:30,5.752404
2024/12/17 9:45,5.742266
2024/12/17 10:00,5.682973
2024/12/17 10:15,5.373554
2024/12/17 10:30,5.128254
2024/12/17 10:45,4.790551
2024/12/17 11:00,4.595779
2024/12/17 11:15,4.286468
2024/12/17 11:30,3.911504
2024/12/17 11:45,3.533913
2024/12/17 12:00,3.147361
2024/12/17 12:15,2.828892
2024/12/17 12:30,2.608367
2024/12/17 12:45,2.417147
2024/12/17 13:00,2.273261
2024/12/17 13:15,2.145262
2024/12/17 13:30,2.053441
2024/12/17 13:45,2.048009
2024/12/17 14:00,2.065659
2024/12/17 14:15,2.192858
2024/12/17 14:30,2.311508
2024/12/17 14:45,2.547861
2024/12/17 15:00,2.783004
2024/12/17 15:15,3.050626
2024/12/17 15:30,3.281846
2024/12/17 15:45,3.687558
2024/12/17 16:00,3.97296
2024/12/17 16:15,4.331317
2024/12/17 16:30,4.741732
2024/12/17 16:45,5.081394
2024/12/17 17:00,5.576862
2024/12/17 17:15,5.917405
2024/12/17 17:30,6.235027
2024/12/17 17:45,6.566091
2024/12/17 18:00,6.812063
2024/12/17 18:15,7.057835
2024/12/17 18:30,7.233873
2024/12/17 18:45,7.28642
2024/12/17 19:00,7.259701
2024/12/17 19:15,7.231726
2024/12/17 19:30,7.202733
2024/12/17 19:45,6.920263
2024/12/17 20:00,6.794168
2024/12/17 20:15,6.583583
2024/12/17 20:30,6.286129
2024/12/17 20:45,5.854289
2024/12/17 21:00,5.644036
2024/12/17 21:15,5.270557
2024/12/17 21:30,4.983078
2024/12/17 21:45,4.676234
2024/12/17 22:00,4.420866
2024/12/17 22:15,4.310605
2024/12/17 22:30,4.281732
2024/12/17 22:45,4.32895
2024/12/17 23:00,4.488352
2024/12/17 23:15,4.766506
2024/12/17 23:30,5.136483
2024/12/17 23:45,5.602203
2024/12/18 0:00,6.194034
2024/12/18 0:15,6.799719
2024/12/18 0:30,7.288129
2024/12/18 0:45,7.942094
2024/12/18 1:00,8.226763
2024/12/18 1:15,8.519565
2024/12/18 1:30,8.527926
2024/12/18 1:45,8.425427
2024/12/18 2:00,8.016907
2024/12/18 2:15,7.498363
2024/12/18 2:30,6.866197
2024/12/18 2:45,6.18286
2024/12/18 3:00,5.361914
2024/12/18 3:15,4.658864
2024/12/18 3:30,3.922149
2024/12/18 3:45,3.283858
2024/12/18 4:00,2.763452
2024/12/18 4:15,2.370151
2024/12/18 4:30,2.023209
2024/12/18 4:45,1.762922
2024/12/18 5:00,1.709331
2024/12/18 5:15,1.663185
2024/12/18 5:30,1.718893
2024/12/18 5:45,1.782362
2024/12/18 6:00,1.9624
2024/12/18 6:15,2.225932
2024/12/18 6:30,2.396949
2024/12/18 6:45,2.701245
2024/12/18 7:00,3.079702
2024/12/18 7:15,3.468211
2024/12/18 7:30,3.859913
2024/12/18 7:45,4.218475
2024/12/18 8:00,4.547972
2024/12/18 8:15,4.826969
2024/12/18 8:30,5.184559
2024/12/18 8:45,5.396649
2024/12/18 9:00,5.701936
2024/12/18 9:15,5.743595
2024/12/18 9:30,5.76503
2024/12/18 9:45,5.743011
2024/12/18 10:00,5.690296
2024/12/18 10:15,5.343895
2024/12/18 10:30,5.071295
2024/12/18 10:45,4.750137
2024/12/18 11:00,4.593271
2024/12/18 11:15,4.287129
2024/12/18 11:30,3.903232
2024/12/18 11:45,3.507917
2024/12/18 12:00,3.191533
2024/12/18 12:15,2.854112
2024/12/18 12:30,2.604534
2024/12/18 12:45,2.407109
2024/12/18 13:00,2.258018
2024/12/18 13:15,2.146559
2024/12/18 13:30,2.051478
2024/12/18 13:45,2.044677
2024/12/18 14:00,2.063166
2024/12/18 14:15,2.191124
2024/12/18 14:30,2.316352
2024/12/18 14:45,2.562266
2024/12/18 15:00,2.773656
2024/12/18 15:15,3.047008
2024/12/18 15:30,3.278981
2024/12/18 15:45,3.6983
2024/12/18 16:00,3.962843
2024/12/18 16:15,4.332425
2024/12/18 16:30,4.74284
2024/12/18 16:45,5.085697
2024/12/18 17:00,5.568032
2024/12/18 17:15,5.865911
2024/12/18 17:30,6.236685
2024/12/18 17:45,6.539926
2024/12/18 18:00,6.78834
2024/12/18 18:15,7.031444
2024/12/18 18:30,7.225126
2024/12/18 18:45,7.291154
2024/12/18 19:00,7.262423
2024/12/18 19:15,7.234975
2024/12/18 19:30,7.205455
2024/12/18 19:45,6.966421
2024/12/18 20:00,6.790891
2024/12/18 20:15,6.541165
2024/12/18 20:30,6.280524
2024/12/18 20:45,5.8284
2024/12/18 21:00,5.649133
2024/12/18 21:15,5.316345
2024/12/18 21:30,4.954056
2024/12/18 21:45,4.693973
2024/12/18 22:00,4.390358
2024/12/18 22:15,4.296672
2024/12/18 22:30,4.2767
2024/12/18 22:45,4.321404
2024/12/18 23:00,4.453152
2024/12/18 23:15,4.739224
2024/12/18 23:30,5.13593
2024/12/18 23:45,5.61492
2024/12/19 0:00,6.193357
2024/12/19 0:15,6.811846
2024/12/19 0:30,7.287242
2024/12/19 0:45,7.944955
2024/12/19 1:00,8.210197
2024/12/19 1:15,8.525023
2024/12/19 1:30,8.530876
2024/12/19 1:45,8.428377
2024/12/19 2:00,8.080411
2024/12/19 2:15,7.469304
2024/12/19 2:30,6.872574
2024/12/19 2:45,6.182307
2024/12/19 3:00,5.347108
2024/12/19 3:15,4.649878
2024/12/19 3:30,3.911535
2024/12/19 3:45,3.283107
2024/12/19 4:00,2.735598
2024/12/19 4:15,2.378729
2024/12/19 4:30,2.036334
2024/12/19 4:45,1.777265
2024/12/19 5:00,1.715577
2024/12/19 5:15,1.654935
2024/12/19 5:30,1.714429
2024/12/19 5:45,1.773029
2024/12/19 6:00,1.958305
2024/12/19 6:15,2.226412
2024/12/19 6:30,2.418714
2024/12/19 6:45,2.724589
2024/12/19 7:00,3.084072
2024/12/19 7:15,3.468211
2024/12/19 7:30,3.859913
2024/12/19 7:45,4.218475
2024/12/19 8:00,4.552209
2024/12/19 8:15,4.856132
2024/12/19 8:30,5.194398
2024/12/19 8:45,5.44333
2024/12/19 9:00,5.715112
2024/12/19 9:15,5.740206
2024/12/19 9:30,5.754974
2024/12/19 9:45,5.72117
2024/12/19 10:00,5.675676
2024/12/19 10:15,5.344741
2024/12/19 10:30,5.074154
2024/12/19 10:45,4.717394
2024/12/19 11:00,4.497356
2024/12/19 11:15,4.243803
2024/12/19 11:30,3.868528
2024/12/19 11:45,3.507547
2024/12/19 12:00,3.193029
2024/12/19 12:15,2.818519
2024/12/19 12:30,2.597666
2024/12/19 12:45,2.39088
2024/12/19 13:00,2.229158
2024/12/19 13:15,2.140506
2024/12/19 13:30,2.047369
2024/12/19 13:45,2.043281
2024/12/19 14:00,2.10052
2024/12/19 14:15,2.186246
2024/12/19 14:30,2.305314
2024/12/19 14:45,2.613278
2024/12/19 15:00,2.788534
2024/12/19 15:15,3.047491
2024/12/19 15:30,3.282321
2024/12/19 15:45,3.70728
2024/12/19 16:00,3.961517
2024/12/19 16:15,4.332788
2024/12/19 16:30,4.714227
2024/12/19 16:45,5.079443
2024/12/19 17:00,5.562867
2024/12/19 17:15,5.833845
2024/12/19 17:30,6.207901
2024/12/19 17:45,6.50466
2024/12/19 18:00,6.7798
2024/12/19 18:15,7.038109
2024/12/19 18:30,7.233983
2024/12/19 18:45,7.291154
2024/12/19 19:00,7.266642
2024/12/19 19:15,7.234975
2024/12/19 19:30,7.205455
2024/12/19 19:45,6.918552
2024/12/19 20:00,6.792359
2024/12/19 20:15,6.53359
2024/12/19 20:30,6.261
2024/12/19 20:45,5.827474
2024/12/19 21:00,5.641323
2024/12/19 21:15,5.275511
2024/12/19 21:30,4.955739
2024/12/19 21:45,4.677446
2024/12/19 22:00,4.348293
2024/12/19 22:15,4.278495
2024/12/19 22:30,4.272362
2024/12/19 22:45,4.324661
2024/12/19 23:00,4.444039
2024/12/19 23:15,4.706214
2024/12/19 23:30,5.114197
2024/12/19 23:45,5.620272
2024/12/20 0:00,6.193357
2024/12/20 0:15,6.811846
2024/12/20 0:30,7.287242
2024/12/20 0:45,7.944955
2024/12/20 1:00,8.226486
2024/12/20 1:15,8.522515
2024/12/20 1:30,8.530876
2024/12/20 1:45,8.428377
2024/12/20 2:00,8.016907
2024/12/20 2:15,7.499971
2024/12/20 2:30,6.874182
2024/12/20 2:45,6.177235
2024/12/20 3:00,5.363099
2024/12/20 3:15,4.649878
2024/12/20 3:30,3.92327
2024/12/20 3:45,3.392507
2024/12/20 4:00,2.785848
2024/12/20 4:15,2.398495
2024/12/20 4:30,2.043359
2024/12/20 4:45,1.784893
2024/12/20 5:00,1.715577
2024/12/20 5:15,1.654935
2024/12/20 5:30,1.714429
2024/12/20 5:45,1.770887
2024/12/20 6:00,1.971173
2024/12/20 6:15,2.201279
2024/12/20 6:30,2.362647
2024/12/20 6:45,2.743414
2024/12/20 7:00,3.076571
2024/12/20 7:15,3.468211
2024/12/20 7:30,3.838357
2024/12/20 7:45,4.197963
2024/12/20 8:00,4.541184
2024/12/20 8:15,4.837634
2024/12/20 8:30,5.20219
2024/12/20 8:45,5.469842
2024/12/20 9:00,5.727167
2024/12/20 9:15,5.740206
2024/12/20 9:30,5.754974
2024/12/20 9:45,5.72117
2024/12/20 10:00,5.675676
2024/12/20 10:15,5.344741
2024/12/20 10:30,5.074154
2024/12/20 10:45,4.679809
2024/12/20 11:00,4.392854
2024/12/20 11:15,4.204985
2024/12/20 11:30,3.842108
2024/12/20 11:45,3.472273
2024/12/20 12:00,3.196605
2024/12/20 12:15,2.851474
2024/12/20 12:30,2.609606
2024/12/20 12:45,2.399794
2024/12/20 13:00,2.218428
2024/12/20 13:15,2.150397
2024/12/20 13:30,2.051632
2024/12/20 13:45,2.044313
2024/12/20 14:00,2.104351
2024/12/20 14:15,2.188832
2024/12/20 14:30,2.295403
2024/12/20 14:45,2.571632
2024/12/20 15:00,2.771404
2024/12/20 15:15,3.050078
2024/12/20 15:30,3.275491
2024/12/20 15:45,3.709866
2024/12/20 16:00,3.964103
2024/12/20 16:15,4.335375
2024/12/20 16:30,4.707396
2024/12/20 16:45,5.083877
2024/12/20 17:00,5.567302
2024/12/20 17:15,5.836431
2024/12/20 17:30,6.210104
2024/12/20 17:45,6.452492
2024/12/20 18:00,6.76906
2024/12/20 18:15,6.999599
2024/12/20 18:30,7.238668
2024/12/20 18:45,7.284375
2024/12/20 19:00,7.269229
2024/12/20 19:15,7.246976
2024/12/20 19:30,7.208041
2024/12/20 19:45,6.937253
2024/12/20 20:00,6.787287
2024/12/20 20:15,6.518637
2024/12/20 20:30,6.263193
2024/12/20 20:45,5.830061
2024/12/20 21:00,5.644899
2024/12/20 21:15,5.269152
2024/12/20 21:30,4.961163
2024/12/20 21:45,4.681022
2024/12/20 22:00,4.351869
2024/12/20 22:15,4.282071
2024/12/20 22:30,4.269155
2024/12/20 22:45,4.328237
2024/12/20 23:00,4.433901
2024/12/20 23:15,4.701783
2024/12/20 23:30,5.103413
2024/12/20 23:45,5.62597
2024/12/21 0:00,5.916213
2024/12/21 0:15,6.152247
2024/12/21 0:30,6.431199
2024/12/21 0:45,6.810145
2024/12/21 1:00,7.122811
2024/12/21 1:15,7.225834
2024/12/21 1:30,7.317257
2024/12/21 1:45,7.281018
2024/12/21 2:00,7.260106
2024/12/21 2:15,7.205968
2024/12/21 2:30,7.032371
2024/12/21 2:45,6.693051
2024/12/21 3:00,6.360964
2024/12/21 3:15,5.980789
2024/12/21 3:30,5.588816
2024/12/21 3:45,5.19336
2024/12/21 4:00,4.845762
2024/12/21 4:15,4.405504
2024/12/21 4:30,3.921049
2024/12/21 4:45,3.503498
2024/12/21 5:00,3.232169
2024/12/21 5:15,2.957662
2024/12/21 5:30,2.666565
2024/12/21 5:45,2.528709
2024/12/21 6:00,2.454785
2024/12/21 6:15,2.337814
2024/12/21 6:30,2.346733
2024/12/21 6:45,2.40126
2024/12/21 7:00,2.460703
2024/12/21 7:15,2.520911
2024/12/21 7:30,2.652249
2024/12/21 7:45,2.769455
2024/12/21 8:00,3.064993
2024/12/21 8:15,3.144106
2024/12/21 8:30,3.23086
2024/12/21 8:45,3.490272
2024/12/21 9:00,3.748019
2024/12/21 9:15,3.979743
2024/12/21 9:30,4.232641
2024/12/21 9:45,4.609522
2024/12/21 10:00,5.039749
2024/12/21 10:15,5.252602
2024/12/21 10:30,5.453192
2024/12/21 10:45,5.741976
2024/12/21 11:00,5.969262
2024/12/21 11:15,6.215519
2024/12/21 11:30,6.536623
2024/12/21 11:45,6.73397
2024/12/21 12:00,7.155158
2024/12/21 12:15,7.325034
2024/12/21 12:30,7.442714
2024/12/21 12:45,7.681656
2024/12/21 13:00,7.976576
2024/12/21 13:15,8.086981
2024/12/21 13:30,8.112984
2024/12/21 13:45,8.130473
2024/12/21 14:00,8.261182
2024/12/21 14:15,8.268149
2024/12/21 14:30,8.305641
2024/12/21 14:45,8.30616
2024/12/21 15:00,8.309353
2024/12/21 15:15,8.23399
2024/12/21 15:30,8.201326
2024/12/21 15:45,8.101027
2024/12/21 16:00,7.913987
2024/12/21 16:15,7.877861
2024/12/21 16:30,7.878085
2024/12/21 16:45,7.85953
2024/12/21 17:00,7.854957
2024/12/21 17:15,7.879868
2024/12/21 17:30,7.90336
2024/12/21 17:45,8.055426
2024/12/21 18:00,8.170364
2024/12/21 18:15,8.353067
2024/12/21 18:30,8.427838
2024/12/21 18:45,8.570893
2024/12/21 19:00,8.515848
2024/12/21 19:15,8.542168
2024/12/21 19:30,8.542168
2024/12/21 19:45,8.504802
2024/12/21 20:00,8.385608
2024/12/21 20:15,8.283273
2024/12/21 20:30,8.102407
2024/12/21 20:45,7.718386
2024/12/21 21:00,7.395058
2024/12/21 21:15,6.913782
2024/12/21 21:30,6.407464
2024/12/21 21:45,5.912338
2024/12/21 22:00,5.766898
2024/12/21 22:15,5.488189
2024/12/21 22:30,5.218621
2024/12/21 22:45,5.201881
2024/12/21 23:00,5.197747
2024/12/21 23:15,5.134047
2024/12/21 23:30,5.215218
2024/12/21 23:45,5.605793
2024/12/22 0:00,5.786514
2024/12/22 0:15,6.061536
2024/12/22 0:30,6.302584
2024/12/22 0:45,6.655346
2024/12/22 1:00,6.953159
2024/12/22 1:15,7.156653
2024/12/22 1:30,7.233931
2024/12/22 1:45,7.24879
2024/12/22 2:00,7.228378
2024/12/22 2:15,7.15585
2024/12/22 2:30,7.015773
2024/12/22 2:45,6.739721
2024/12/22 3:00,6.40778
2024/12/22 3:15,5.922495
2024/12/22 3:30,5.581873
2024/12/22 3:45,5.228452
2024/12/22 4:00,4.855985
2024/12/22 4:15,4.491375
2024/12/22 4:30,3.976397
2024/12/22 4:45,3.587446
2024/12/22 5:00,3.433687
2024/12/22 5:15,3.094915
2024/12/22 5:30,2.769949
2024/12/22 5:45,2.592717
2024/12/22 6:00,2.518182
2024/12/22 6:15,2.397263
2024/12/22 6:30,2.397445
2024/12/22 6:45,2.398409
2024/12/22 7:00,2.400183
2024/12/22 7:15,2.493824
2024/12/22 7:30,2.61771
2024/12/22 7:45,2.801901
2024/12/22 8:00,2.911979
2024/12/22 8:15,3.103527
2024/12/22 8:30,3.229948
2024/12/22 8:45,3.299946
2024/12/22 9:00,3.644089
2024/12/22 9:15,3.893839
2024/12/22 9:30,4.204898
2024/12/22 9:45,4.530999
2024/12/22 10:00,4.836904
2024/12/22 10:15,5.191946
2024/12/22 10:30,5.463995
2024/12/22 10:45,5.76355
2024/12/22 11:00,5.987229
2024/12/22 11:15,6.263877
2024/12/22 11:30,6.472576
2024/12/22 11:45,6.748483
2024/12/22 12:00,7.141846
2024/12/22 12:15,7.330191
2024/12/22 12:30,7.459301
2024/12/22 12:45,7.721911
2024/12/22 13:00,7.956511
2024/12/22 13:15,8.086409
2024/12/22 13:30,8.111374
2024/12/22 13:45,8.111026
2024/12/22 14:00,8.144791
2024/12/22 14:15,8.161415
2024/12/22 14:30,8.140745
2024/12/22 14:45,8.1357
2024/12/22 15:00,8.116483
2024/12/22 15:15,8.083855
2024/12/22 15:30,8.020267
2024/12/22 15:45,7.992975
2024/12/22 16:00,7.943871
2024/12/22 16:15,7.901756
2024/12/22 16:30,7.881333
2024/12/22 16:45,7.877214
2024/12/22 17:00,7.877325
2024/12/22 17:15,7.891627
2024/12/22 17:30,7.932659
2024/12/22 17:45,8.078634
2024/12/22 18:00,8.136279
2024/12/22 18:15,8.253214
2024/12/22 18:30,8.432669
2024/12/22 18:45,8.58101
2024/12/22 19:00,8.532816
2024/12/22 19:15,8.549725
2024/12/22 19:30,8.520995
2024/12/22 19:45,8.51359
2024/12/22 20:00,8.411258
2024/12/22 20:15,8.22533
2024/12/22 20:30,7.916595
2024/12/22 20:45,7.590284
2024/12/22 21:00,7.190909
2024/12/22 21:15,6.850734
2024/12/22 21:30,6.439286
2024/12/22 21:45,5.957274
2024/12/22 22:00,5.681671
2024/12/22 22:15,5.456487
2024/12/22 22:30,5.248754
2024/12/22 22:45,5.227457
2024/12/22 23:00,5.218068
2024/12/22 23:15,5.206508
2024/12/22 23:30,5.267884
2024/12/22 23:45,5.60808
2024/12/23 0:00,6.170797
2024/12/23 0:15,6.741634
2024/12/23 0:30,7.295576
2024/12/23 0:45,7.898787
2024/12/23 1:00,8.22732
2024/12/23 1:15,8.506669
2024/12/23 1:30,8.528464
2024/12/23 1:45,8.415208
2024/12/23 2:00,8.016315
2024/12/23 2:15,7.472316
2024/12/23 2:30,6.804864
2024/12/23 2:45,6.103626
2024/12/23 3:00,5.399408
2024/12/23 3:15,4.665879
2024/12/23 3:30,3.962001
2024/12/23 3:45,3.424751
2024/12/23 4:00,2.820787
2024/12/23 4:15,2.469469
2024/12/23 4:30,2.07241
2024/12/23 4:45,1.798695
2024/12/23 5:00,1.688586
2024/12/23 5:15,1.674232
2024/12/23 5:30,1.711264
2024/12/23 5:45,1.776152
2024/12/23 6:00,1.95306
2024/12/23 6:15,2.188986
2024/12/23 6:30,2.370683
2024/12/23 6:45,2.742904
2024/12/23 7:00,3.036034
2024/12/23 7:15,3.460026
2024/12/23 7:30,3.787955
2024/12/23 7:45,4.255321
2024/12/23 8:00,4.515731
2024/12/23 8:15,4.805237
2024/12/23 8:30,5.095042
2024/12/23 8:45,5.330721
2024/12/23 9:00,5.617291
2024/12/23 9:15,5.680861
2024/12/23 9:30,5.730857
2024/12/23 9:45,5.732232
2024/12/23 10:00,5.659911
2024/12/23 10:15,5.430125
2024/12/23 10:30,5.22654
2024/12/23 10:45,4.888937
2024/12/23 11:00,4.647517
2024/12/23 11:15,4.329984
2024/12/23 11:30,3.967158
2024/12/23 11:45,3.494319
2024/12/23 12:00,3.119437
2024/12/23 12:15,2.829202
2024/12/23 12:30,2.603422
2024/12/23 12:45,2.39171
2024/12/23 13:00,2.280962
2024/12/23 13:15,2.153919
2024/12/23 13:30,2.063957
2024/12/23 13:45,2.072084
2024/12/23 14:00,2.082881
2024/12/23 14:15,2.171976
2024/12/23 14:30,2.298083
2024/12/23 14:45,2.538107
2024/12/23 15:00,2.769308
2024/12/23 15:15,3.047107
2024/12/23 15:30,3.225472
2024/12/23 15:45,3.63983
2024/12/23 16:00,3.958313
2024/12/23 16:15,4.352846
2024/12/23 16:30,4.764852
2024/12/23 16:45,5.082936
2024/12/23 17:00,5.596859
2024/12/23 17:15,6.004327
2024/12/23 17:30,6.341172
2024/12/23 17:45,6.728311
2024/12/23 18:00,7.042024
2024/12/23 18:15,7.143649
2024/12/23 18:30,7.248789
2024/12/23 18:45,7.302725
2024/12/23 19:00,7.266394
2024/12/23 19:15,7.233282
2024/12/23 19:30,7.175431
2024/12/23 19:45,6.987266
2024/12/23 20:00,6.801494
2024/12/23 20:15,6.674859
2024/12/23 20:30,6.317161
2024/12/23 20:45,5.923841
2024/12/23 21:00,5.650957
2024/12/23 21:15,5.334949
2024/12/23 21:30,5.003523
2024/12/23 21:45,4.676373
2024/12/23 22:00,4.449455
2024/12/23 22:15,4.340596
2024/12/23 22:30,4.308495
2024/12/23 22:45,4.339332
2024/12/23 23:00,4.519482
2024/12/23 23:15,4.790464
2024/12/23 23:30,5.137212
2024/12/23 23:45,5.589303
2024/12/24 0:00,6.210622
2024/12/24 0:15,6.784287
2024/12/24 0:30,7.299841
2024/12/24 0:45,7.935624
2024/12/24 1:00,8.229336
2024/12/24 1:15,8.519395
2024/12/24 1:30,8.521805
2024/12/24 1:45,8.424135
2024/12/24 2:00,8.07612
2024/12/24 2:15,7.459122
2024/12/24 2:30,6.82921
2024/12/24 2:45,6.127414
2024/12/24 3:00,5.343275
2024/12/24 3:15,4.658053
2024/12/24 3:30,3.906657
2024/12/24 3:45,3.286086
2024/12/24 4:00,2.76379
2024/12/24 4:15,2.395019
2024/12/24 4:30,2.066489
2024/12/24 4:45,1.802015
2024/12/24 5:00,1.69917
2024/12/24 5:15,1.645057
2024/12/24 5:30,1.713246
2024/12/24 5:45,1.782038
2024/12/24 6:00,1.974554
2024/12/24 6:15,2.241743
2024/12/24 6:30,2.443008
2024/12/24 6:45,2.689656
2024/12/24 7:00,3.084087
2024/12/24 7:15,3.474828
2024/12/24 7:30,3.838185
2024/12/24 7:45,4.192937
2024/12/24 8:00,4.5339
2024/12/24 8:15,4.829691
2024/12/24 8:30,5.188273
2024/12/24 8:45,5.4282
2024/12/24 9:00,5.701065
2024/12/24 9:15,5.742725
2024/12/24 9:30,5.757875
2024/12/24 9:45,5.738803
2024/12/24 10:00,5.682973
2024/12/24 10:15,5.371988
2024/12/24 10:30,5.122575
2024/12/24 10:45,4.790551
2024/12/24 11:00,4.590902
2024/12/24 11:15,4.290121
2024/12/24 11:30,3.906626
2024/12/24 11:45,3.529036
2024/12/24 12:00,3.142483
2024/12/24 12:15,2.824014
2024/12/24 12:30,2.595125
2024/12/24 12:45,2.393137
2024/12/24 13:00,2.258527
2024/12/24 13:15,2.140384
2024/12/24 13:30,2.048563
2024/12/24 13:45,2.043131
2024/12/24 14:00,2.060781
2024/12/24 14:15,2.18798
2024/12/24 14:30,2.305144
2024/12/24 14:45,2.553051
2024/12/24 15:00,2.775453
2024/12/24 15:15,3.045748
2024/12/24 15:30,3.276968
2024/12/24 15:45,3.689079
2024/12/24 16:00,3.967624
2024/12/24 16:15,4.33138
2024/12/24 16:30,4.741795
2024/12/24 16:45,5.081458
2024/12/24 17:00,5.58334
2024/12/24 17:15,5.912527
2024/12/24 17:30,6.230149
2024/12/24 17:45,6.561214
2024/12/24 18:00,6.813459
2024/12/24 18:15,7.063148
2024/12/24 18:30,7.220172
2024/12/24 18:45,7.288656
2024/12/24 19:00,7.261938
2024/12/24 19:15,7.233963
2024/12/24 19:30,7.20497
2024/12/24 19:45,6.927843
2024/12/24 20:00,6.796405
2024/12/24 20:15,6.58582
2024/12/24 20:30,6.287714
2024/12/24 20:45,5.850573
2024/12/24 21:00,5.645621
2024/12/24 21:15,5.305157
2024/12/24 21:30,4.973465
2024/12/24 21:45,4.689941
2024/12/24 22:00,4.416129
2024/12/24 22:15,4.305869
2024/12/24 22:30,4.271748
2024/12/24 22:45,4.318965
2024/12/24 23:00,4.478402
2024/12/24 23:15,4.782411
2024/12/24 23:30,5.147583
2024/12/24 23:45,5.588407
2024/12/25 0:00,6.199901
2024/12/25 0:15,6.802929
2024/12/25 0:30,7.293114
2024/12/25 0:45,7.954794
2024/12/25 1:00,8.228348
2024/12/25 1:15,8.523197
2024/12/25 1:30,8.529512
2024/12/25 1:45,8.427013
2024/12/25 2:00,8.018492
2024/12/25 2:15,7.499948
2024/12/25 2:30,6.867782
2024/12/25 2:45,6.191265
2024/12/25 3:00,5.363499
2024/12/25 3:15,4.660449
2024/12/25 3:30,3.920979
2024/12/25 3:45,3.28103
2024/12/25 4:00,2.759389
2024/12/25 4:15,2.368893
2024/12/25 4:30,2.021951
2024/12/25 4:45,1.761663
2024/12/25 5:00,1.708073
2024/12/25 5:15,1.661926
2024/12/25 5:30,1.717635
2024/12/25 5:45,1.781103
2024/12/25 6:00,1.960407
2024/12/25 6:15,2.226295
2024/12/25 6:30,2.397312
2024/12/25 6:45,2.701608
2024/12/25 7:00,3.083541
2024/12/25 7:15,3.472049
2024/12/25 7:30,3.852427
2024/12/25 7:45,4.227291
2024/12/25 8:00,4.545808
2024/12/25 8:15,4.818359
2024/12/25 8:30,5.209175
2024/12/25 8:45,5.445474
2024/12/25 9:00,5.702089
2024/12/25 9:15,5.748581
2024/12/25 9:30,5.762124
2024/12/25 9:45,5.733787
2024/12/25 10:00,5.677591
2024/12/25 10:15,5.346326
2024/12/25 10:30,5.070061
2024/12/25 10:45,4.755122
2024/12/25 11:00,4.580355
2024/12/25 11:15,4.287283
2024/12/25 11:30,3.905103
2024/12/25 11:45,3.528764
2024/12/25 12:00,3.18747
2024/12/25 12:15,2.85005
2024/12/25 12:30,2.603276
2024/12/25 12:45,2.40585
2024/12/25 13:00,2.248411
2024/12/25 13:15,2.137564
2024/12/25 13:30,2.050219
2024/12/25 13:45,2.043418
2024/12/25 14:00,2.061908
2024/12/25 14:15,2.189865
2024/12/25 14:30,2.315093
2024/12/25 14:45,2.561008
2024/12/25 15:00,2.775071
2024/12/25 15:15,3.050846
2024/12/25 15:30,3.282819
2024/12/25 15:45,3.696835
2024/12/25 16:00,3.964715
2024/12/25 16:15,4.334207
2024/12/25 16:30,4.739345
2024/12/25 16:45,5.085851
2024/12/25 17:00,5.568186
2024/12/25 17:15,5.866065
2024/12/25 17:30,6.24167
2024/12/25 17:45,6.539366
2024/12/25 18:00,6.789925
2024/12/25 18:15,7.038299
2024/12/25 18:30,7.221286
2024/12/25 18:45,7.292739
2024/12/25 19:00,7.264008
2024/12/25 19:15,7.23656
2024/12/25 19:30,7.20704
2024/12/25 19:45,6.968006
2024/12/25 20:00,6.792476
2024/12/25 20:15,6.54275
2024/12/25 20:30,6.28211
2024/12/25 20:45,5.829985
2024/12/25 21:00,5.650719
2024/12/25 21:15,5.31793
2024/12/25 21:30,4.961831
2024/12/25 21:45,4.690282
2024/12/25 22:00,4.390511
2024/12/25 22:15,4.296826
2024/12/25 22:30,4.276853
2024/12/25 22:45,4.321558
2024/12/25 23:00,4.46777
2024/12/25 23:15,4.766672
2024/12/25 23:30,5.150412
2024/12/25 23:45,5.590183
2024/12/26 0:00,6.195526
2024/12/26 0:15,6.822137
2024/12/26 0:30,7.309496
2024/12/26 0:45,7.94654
2024/12/26 1:00,8.211782
2024/12/26 1:15,8.528655
2024/12/26 1:30,8.532462
2024/12/26 1:45,8.429963
2024/12/26 2:00,8.081996
2024/12/26 2:15,7.472573
2024/12/26 2:30,6.875843
2024/12/26 2:45,6.204876
2024/12/26 3:00,5.347683
2024/12/26 3:15,4.655777
2024/12/26 3:30,3.910365
2024/12/26 3:45,3.28517
2024/12/26 4:00,2.731535
2024/12/26 4:15,2.36883
2024/12/26 4:30,2.000228
2024/12/26 4:45,1.772584
2024/12/26 5:00,1.708915
2024/12/26 5:15,1.655298
2024/12/26 5:30,1.714792
2024/12/26 5:45,1.773392
2024/12/26 6:00,1.967831
2024/12/26 6:15,2.226775
2024/12/26 6:30,2.419077
2024/12/26 6:45,2.72333
2024/12/26 7:00,3.08791
2024/12/26 7:15,3.479062
2024/12/26 7:30,3.858742
2024/12/26 7:45,4.227291
2024/12/26 8:00,4.55524
2024/12/26 8:15,4.833364
2024/12/26 8:30,5.196252
2024/12/26 8:45,5.471733
2024/12/26 9:00,5.731766
2024/12/26 9:15,5.752444
2024/12/26 9:30,5.76404
2024/12/26 9:45,5.742072
2024/12/26 10:00,5.693286
2024/12/26 10:15,5.345316
2024/12/26 10:30,5.074345
2024/12/26 10:45,4.72137
2024/12/26 11:00,4.502526
2024/12/26 11:15,4.219217
2024/12/26 11:30,3.865205
2024/12/26 11:45,3.509419
2024/12/26 12:00,3.188967
2024/12/26 12:15,2.81027
2024/12/26 12:30,2.596407
2024/12/26 12:45,2.395784
2024/12/26 13:00,2.232182
2024/12/26 13:15,2.134794
2024/12/26 13:30,2.047732
2024/12/26 13:45,2.043644
2024/12/26 14:00,2.100883
2024/12/26 14:15,2.192139
2024/12/26 14:30,2.320255
2024/12/26 14:45,2.578267
2024/12/26 15:00,2.764886
2024/12/26 15:15,3.037521
2024/12/26 15:30,3.281763
2024/12/26 15:45,3.705815
2024/12/26 16:00,3.96253
2024/12/26 16:15,4.328504
2024/12/26 16:30,4.702094
2024/12/26 16:45,5.074536
2024/12/26 17:00,5.564104
2024/12/26 17:15,5.83814
2024/12/26 17:30,6.241159
2024/12/26 17:45,6.514725
2024/12/26 18:00,6.786945
2024/12/26 18:15,7.043859
2024/12/26 18:30,7.22297
2024/12/26 18:45,7.294423
2024/12/26 19:00,7.269911
2024/12/26 19:15,7.238244
2024/12/26 19:30,7.208724
2024/12/26 19:45,6.921821
2024/12/26 20:00,6.795629
2024/12/26 20:15,6.53686
2024/12/26 20:30,6.272981
2024/12/26 20:45,5.833166
2024/12/26 21:00,5.646757
2024/12/26 21:15,5.2921
2024/12/26 21:30,4.945951
2024/12/26 21:45,4.685691
2024/12/26 22:00,4.342363
2024/12/26 22:15,4.272565
2024/12/26 22:30,4.268955
2024/12/26 22:45,4.318731
2024/12/26 23:00,4.438109
2024/12/26 23:15,4.697135
2024/12/26 23:30,5.119714
2024/12/26 23:45,5.591836
2024/12/27 0:00,6.195526
2024/12/27 0:15,6.843297
2024/12/27 0:30,7.309496
2024/12/27 0:45,7.94654
2024/12/27 1:00,8.228071
2024/12/27 1:15,8.526147
2024/12/27 1:30,8.532462
2024/12/27 1:45,8.429963
2024/12/27 2:00,8.018492
2024/12/27 2:15,7.501632
2024/12/27 2:30,6.871165
2024/12/27 2:45,6.206665
2024/12/27 3:00,5.361081
2024/12/27 3:15,4.655777
2024/12/27 3:30,3.9221
2024/12/27 3:45,3.39457
2024/12/27 4:00,2.781785
2024/12/27 4:15,2.403399
2024/12/27 4:30,2.048263
2024/12/27 4:45,1.785256
2024/12/27 5:00,1.708915
2024/12/27 5:15,1.655298
2024/12/27 5:30,1.714792
2024/12/27 5:45,1.77125
2024/12/27 6:00,1.971536
2024/12/27 6:15,2.201642
2024/12/27 6:30,2.36301
2024/12/27 6:45,2.742156
2024/12/27 7:00,3.099288
2024/12/27 7:15,3.479062
2024/12/27 7:30,3.837187
2024/12/27 7:45,4.20678
2024/12/27 8:00,4.550251
2024/12/27 8:15,4.836073
2024/12/27 8:30,5.193706
2024/12/27 8:45,5.478708
2024/12/27 9:00,5.731462
2024/12/27 9:15,5.750496
2024/12/27 9:30,5.76404
2024/12/27 9:45,5.742072
2024/12/27 10:00,5.693286
2024/12/27 10:15,5.345316
2024/12/27 10:30,5.074345
2024/12/27 10:45,4.683784
2024/12/27 11:00,4.398202
2024/12/27 11:15,4.205135
2024/12/27 11:30,3.840404
2024/12/27 11:45,3.452332
2024/12/27 12:00,3.194901
2024/12/27 12:15,2.829822
2024/12/27 12:30,2.604772
2024/12/27 12:45,2.397127
2024/12/27 13:00,2.217876
2024/12/27 13:15,2.136362
2024/12/27 13:30,2.049408
2024/12/27 13:45,2.04209
2024/12/27 14:00,2.102127
2024/12/27 14:15,2.186609
2024/12/27 14:30,2.320255
2024/12/27 14:45,2.65351
2024/12/27 15:00,2.774352
2024/12/27 15:15,3.051329
2024/12/27 15:30,3.279325
2024/12/27 15:45,3.705815
2024/12/27 16:00,3.963388
2024/12/27 16:15,4.330424
2024/12/27 16:30,4.702094
2024/12/27 16:45,5.074536
2024/12/27 17:00,5.564104
2024/12/27 17:15,5.83814
2024/12/27 17:30,6.239409
2024/12/27 17:45,6.479798
2024/12/27 18:00,6.765663
2024/12/27 18:15,7.003169
2024/12/27 18:30,7.237303
2024/12/27 18:45,7.294423
2024/12/27 19:00,7.269911
2024/12/27 19:15,7.247659
2024/12/27 19:30,7.208724
2024/12/27 19:45,6.927728
2024/12/27 20:00,6.795629
2024/12/27 20:15,6.532525
2024/12/27 20:30,6.272579
2024/12/27 20:45,5.833166
2024/12/27 21:00,5.646757
2024/12/27 21:15,5.2921
2024/12/27 21:30,4.945951
2024/12/27 21:45,4.68147
2024/12/27 22:00,4.342363
2024/12/27 22:15,4.272565
2024/12/27 22:30,4.272053
2024/12/27 22:45,4.318731
2024/12/27 23:00,4.409037
2024/12/27 23:15,4.691002
2024/12/27 23:30,5.089899
2024/12/27 23:45,5.599869
2024/12/28 0:00,5.907215
2024/12/28 0:15,6.159831
2024/12/28 0:30,6.448155
2024/12/28 0:45,6.81173
2024/12/28 1:00,7.136142
2024/12/28 1:15,7.254203
2024/12/28 1:30,7.313576
2024/12/28 1:45,7.278715
2024/12/28 2:00,7.266229
2024/12/28 2:15,7.21721
2024/12/28 2:30,7.071683
2024/12/28 2:45,6.717428
2024/12/28 3:00,6.400949
2024/12/28 3:15,5.988412
2024/12/28 3:30,5.601449
2024/12/28 3:45,5.213289
2024/12/28 4:00,4.795583
2024/12/28 4:15,4.363907
2024/12/28 4:30,3.885164
2024/12/28 4:45,3.484409
2024/12/28 5:00,3.158263
2024/12/28 5:15,2.883205
2024/12/28 5:30,2.629319
2024/12/28 5:45,2.489438
2024/12/28 6:00,2.436343
2024/12/28 6:15,2.352905
2024/12/28 6:30,2.380937
2024/12/28 6:45,2.434309
2024/12/28 7:00,2.483334
2024/12/28 7:15,2.537047
2024/12/28 7:30,2.651835
2024/12/28 7:45,2.83982
2024/12/28 8:00,3.089918
2024/12/28 8:15,3.162976
2024/12/28 8:30,3.237429
2024/12/28 8:45,3.502742
2024/12/28 9:00,3.752341
2024/12/28 9:15,3.985929
2024/12/28 9:30,4.234373
2024/12/28 9:45,4.604635
2024/12/28 10:00,5.041534
2024/12/28 10:15,5.261013
2024/12/28 10:30,5.468942
2024/12/28 10:45,5.778643
2024/12/28 11:00,6.033107
2024/12/28 11:15,6.257715
2024/12/28 11:30,6.556189
2024/12/28 11:45,6.738251
2024/12/28 12:00,7.161421
2024/12/28 12:15,7.323528
2024/12/28 12:30,7.444549
2024/12/28 12:45,7.67932
2024/12/28 13:00,7.98087
2024/12/28 13:15,8.091274
2024/12/28 13:30,8.121803
2024/12/28 13:45,8.129748
2024/12/28 14:00,8.257179
2024/12/28 14:15,8.264145
2024/12/28 14:30,8.293597
2024/12/28 14:45,8.342432
2024/12/28 15:00,8.310127
2024/12/28 15:15,8.23916
2024/12/28 15:30,8.2021
2024/12/28 15:45,8.1018
2024/12/28 16:00,7.914761
2024/12/28 16:15,7.882483
2024/12/28 16:30,7.878858
2024/12/28 16:45,7.860303
2024/12/28 17:00,7.855731
2024/12/28 17:15,7.880642
2024/12/28 17:30,7.904133
2024/12/28 17:45,8.0562
2024/12/28 18:00,8.170436
2024/12/28 18:15,8.349313
2024/12/28 18:30,8.470624
2024/12/28 18:45,8.53576
2024/12/28 19:00,8.542168
2024/12/28 19:15,8.542168
2024/12/28 19:30,8.542168
2024/12/28 19:45,8.504802
2024/12/28 20:00,8.385608
2024/12/28 20:15,8.283273
2024/12/28 20:30,8.102407
2024/12/28 20:45,7.718386
2024/12/28 21:00,7.420955
2024/12/28 21:15,6.909103
2024/12/28 21:30,6.415986
2024/12/28 21:45,5.91995
2024/12/28 22:00,5.770747
2024/12/28 22:15,5.492038
2024/12/28 22:30,5.218621
2024/12/28 22:45,5.207939
2024/12/28 23:00,5.189082
2024/12/28 23:15,5.138361
2024/12/28 23:30,5.214446
2024/12/28 23:45,5.553822
2024/12/29 0:00,5.795261
2024/12/29 0:15,6.102114
2024/12/29 0:30,6.34972
2024/12/29 0:45,6.682077
2024/12/29 1:00,6.956256
2024/12/29 1:15,7.134676
2024/12/29 1:30,7.251259
2024/12/29 1:45,7.247133
2024/12/29 2:00,7.228253
2024/12/29 2:15,7.164461
2024/12/29 2:30,7.004529
2024/12/29 2:45,6.72764
2024/12/29 3:00,6.44393
2024/12/29 3:15,5.934575
2024/12/29 3:30,5.598447
2024/12/29 3:45,5.218971
2024/12/29 4:00,4.807646
2024/12/29 4:15,4.492669
2024/12/29 4:30,3.976397
2024/12/29 4:45,3.582233
2024/12/29 5:00,3.433687
2024/12/29 5:15,3.062138
2024/12/29 5:30,2.765492
2024/12/29 5:45,2.599975
2024/12/29 6:00,2.478496
2024/12/29 6:15,2.412669
2024/12/29 6:30,2.41391
2024/12/29 6:45,2.41061
2024/12/29 7:00,2.420289
2024/12/29 7:15,2.504526
2024/12/29 7:30,2.615933
2024/12/29 7:45,2.801681
2024/12/29 8:00,2.913879
2024/12/29 8:15,3.082947
2024/12/29 8:30,3.22318
2024/12/29 8:45,3.298267
2024/12/29 9:00,3.635896
2024/12/29 9:15,3.890277
2024/12/29 9:30,4.210466
2024/12/29 9:45,4.539025
2024/12/29 10:00,4.85854
2024/12/29 10:15,5.186885
2024/12/29 10:30,5.471444
2024/12/29 10:45,5.781044
2024/12/29 11:00,6.044965
2024/12/29 11:15,6.291183
2024/12/29 11:30,6.489143
2024/12/29 11:45,6.764833
2024/12/29 12:00,7.147714
2024/12/29 12:15,7.330492
2024/12/29 12:30,7.459301
2024/12/29 12:45,7.719045
2024/12/29 13:00,7.960274
2024/12/29 13:15,8.090172
2024/12/29 13:30,8.115137
2024/12/29 13:45,8.114789
2024/12/29 14:00,8.141215
2024/12/29 14:15,8.145363
2024/12/29 14:30,8.140745
2024/12/29 14:45,8.144559
2024/12/29 15:00,8.116483
2024/12/29 15:15,8.083855
2024/12/29 15:30,8.020267
2024/12/29 15:45,7.992975
2024/12/29 16:00,7.943871
2024/12/29 16:15,7.905723
2024/12/29 16:30,7.881333
2024/12/29 16:45,7.877214
2024/12/29 17:00,7.877325
2024/12/29 17:15,7.891627
2024/12/29 17:30,7.932659
2024/12/29 17:45,8.078634
2024/12/29 18:00,8.136279
2024/12/29 18:15,8.28246
2024/12/29 18:30,8.445244
2024/12/29 18:45,8.577048
2024/12/29 19:00,8.534894
2024/12/29 19:15,8.549725
2024/12/29 19:30,8.520995
2024/12/29 19:45,8.51359
2024/12/29 20:00,8.411258
2024/12/29 20:15,8.243595
2024/12/29 20:30,7.953838
2024/12/29 20:45,7.632606
2024/12/29 21:00,7.207732
2024/12/29 21:15,6.850734
2024/12/29 21:30,6.446555
2024/12/29 21:45,5.961123
2024/12/29 22:00,5.705772
2024/12/29 22:15,5.469632
2024/12/29 22:30,5.248754
2024/12/29 22:45,5.24387
2024/12/29 23:00,5.235999
2024/12/29 23:15,5.222235
2024/12/29 23:30,5.270326
2024/12/29 23:45,5.575125
2024/12/30 0:00,6.220531
2024/12/30 0:15,6.748077
2024/12/30 0:30,7.316037
2024/12/30 0:45,7.924795
2024/12/30 1:00,8.236525
2024/12/30 1:15,8.52439
2024/12/30 1:30,8.542888
2024/12/30 1:45,8.429931
2024/12/30 2:00,8.03224
2024/12/30 2:15,7.475528
2024/12/30 2:30,6.80013
2024/12/30 2:45,6.128291
2024/12/30 3:00,5.39083
2024/12/30 3:15,4.65523
2024/12/30 3:30,3.944782
2024/12/30 3:45,3.408219
2024/12/30 4:00,2.81149
2024/12/30 4:15,2.463646
2024/12/30 4:30,2.049876
2024/12/30 4:45,1.768168
2024/12/30 5:00,1.697772
2024/12/30 5:15,1.676809
2024/12/30 5:30,1.710336
2024/12/30 5:45,1.77092
2024/12/30 6:00,1.9535
2024/12/30 6:15,2.205196
2024/12/30 6:30,2.410605
2024/12/30 6:45,2.754541
2024/12/30 7:00,3.032237
2024/12/30 7:15,3.460443
2024/12/30 7:30,3.788372
2024/12/30 7:45,4.257424
2024/12/30 8:00,4.521839
2024/12/30 8:15,4.798397
2024/12/30 8:30,5.065532
2024/12/30 8:45,5.325795
2024/12/30 9:00,5.607531
2024/12/30 9:15,5.66979
2024/12/30 9:30,5.741101
2024/12/30 9:45,5.753045
2024/12/30 10:00,5.673551
2024/12/30 10:15,5.40269
2024/12/30 10:30,5.197164
2024/12/30 10:45,4.848453
2024/12/30 11:00,4.596665
2024/12/30 11:15,4.311374
2024/12/30 11:30,3.928213
2024/12/30 11:45,3.488496
2024/12/30 12:00,3.113613
2024/12/30 12:15,2.827221
2024/12/30 12:30,2.597599
2024/12/30 12:45,2.392127
2024/12/30 13:00,2.281378
2024/12/30 13:15,2.156429
2024/12/30 13:30,2.064374
2024/12/30 13:45,2.0725
2024/12/30 14:00,2.083298
2024/12/30 14:15,2.177073
2024/12/30 14:30,2.308844
2024/12/30 14:45,2.533902
2024/12/30 15:00,2.77729
2024/12/30 15:15,3.04824
2024/12/30 15:30,3.225508
2024/12/30 15:45,3.640246
2024/12/30 16:00,3.962507
2024/12/30 16:15,4.359342
2024/12/30 16:30,4.772841
2024/12/30 16:45,5.081489
2024/12/30 17:00,5.59602
2024/12/30 17:15,6.008151
2024/12/30 17:30,6.35522
2024/12/30 17:45,6.723107
2024/12/30 18:00,7.058438
2024/12/30 18:15,7.160151
2024/12/30 18:30,7.279736
2024/12/30 18:45,7.307183
2024/12/30 19:00,7.275871
2024/12/30 19:15,7.242758
2024/12/30 19:30,7.184908
2024/12/30 19:45,6.993472
2024/12/30 20:00,6.807208
2024/12/30 20:15,6.68423
2024/12/30 20:30,6.332663
2024/12/30 20:45,5.926646
2024/12/30 21:00,5.656747
2024/12/30 21:15,5.332896
2024/12/30 21:30,4.995434
2024/12/30 21:45,4.668284
2024/12/30 22:00,4.428476
2024/12/30 22:15,4.324041
2024/12/30 22:30,4.299392
2024/12/30 22:45,4.330516
2024/12/30 23:00,4.512076
2024/12/30 23:15,4.779783
2024/12/30 23:30,5.121211
2024/12/30 23:45,5.575305
2024/12/31 0:00,6.178782
2024/12/31 0:15,6.799496
2024/12/31 0:30,7.314108
2024/12/31 0:45,7.949338
2024/12/31 1:00,8.246812
2024/12/31 1:15,8.526519
2024/12/31 1:30,8.527518
2024/12/31 1:45,8.429848
2024/12/31 2:00,8.053232
2024/12/31 2:15,7.452305
2024/12/31 2:30,6.816694
2024/12/31 2:45,6.134243
2024/12/31 3:00,5.335489
2024/12/31 3:15,4.659336
2024/12/31 3:30,3.898264
2024/12/31 3:45,3.269941
2024/12/31 4:00,2.752703
2024/12/31 4:15,2.391094
2024/12/31 4:30,2.067948
2024/12/31 4:45,1.804491
2024/12/31 5:00,1.701647
2024/12/31 5:15,1.647534
2024/12/31 5:30,1.715723
2024/12/31 5:45,1.778152
2024/12/31 6:00,1.972454
2024/12/31 6:15,2.239505
2024/12/31 6:30,2.43982
2024/12/31 6:45,2.688084
2024/12/31 7:00,3.084504
2024/12/31 7:15,3.475245
2024/12/31 7:30,3.838601
2024/12/31 7:45,4.210286
2024/12/31 8:00,4.551302
2024/12/31 8:15,4.801957
2024/12/31 8:30,5.129952
2024/12/31 8:45,5.386864
2024/12/31 9:00,5.675561
2024/12/31 9:15,5.718646
2024/12/31 9:30,5.745033
2024/12/31 9:45,5.742755
2024/12/31 10:00,5.678587
2024/12/31 10:15,5.401689
2024/12/31 10:30,5.108637
2024/12/31 10:45,4.772024
2024/12/31 11:00,4.596046
2024/12/31 11:15,4.286979
2024/12/31 11:30,3.898529
2024/12/31 11:45,3.509805
2024/12/31 12:00,3.142227
2024/12/31 12:15,2.823758
2024/12/31 12:30,2.594869
2024/12/31 12:45,2.412451
2024/12/31 13:00,2.2688
2024/12/31 13:15,2.144555
2024/12/31 13:30,2.048979
2024/12/31 13:45,2.043547
2024/12/31 14:00,2.061198
2024/12/31 14:15,2.188396
2024/12/31 14:30,2.303574
2024/12/31 14:45,2.553467
2024/12/31 15:00,2.77587
2024/12/31 15:15,3.048329
2024/12/31 15:30,3.277765
2024/12/31 15:45,3.699578
2024/12/31 16:00,3.968899
2024/12/31 16:15,4.326308
2024/12/31 16:30,4.733574
2024/12/31 16:45,5.080481
2024/12/31 17:00,5.580416
2024/12/31 17:15,5.909399
2024/12/31 17:30,6.218719
2024/12/31 17:45,6.55001
2024/12/31 18:00,6.815686
2024/12/31 18:15,7.092905
2024/12/31 18:30,7.234537
2024/12/31 18:45,7.29437
2024/12/31 19:00,7.267652
2024/12/31 19:15,7.239677
2024/12/31 19:30,7.210683
2024/12/31 19:45,6.934208
2024/12/31 20:00,6.802726
2024/12/31 20:15,6.586368
2024/12/31 20:30,6.28654
2024/12/31 20:45,5.846288
2024/12/31 21:00,5.641336
2024/12/31 21:15,5.298021
2024/12/31 21:30,4.963832
2024/12/31 21:45,4.68442
2024/12/31 22:00,4.369126
2024/12/31 22:15,4.277976
2024/12/31 22:30,4.253823
2024/12/31 22:45,4.289506
2024/12/31 23:00,4.497801
2024/12/31 23:15,4.758733
2024/12/31 23:30,5.111535
2024/12/31 23:45,5.592832
